timestamp,electric_load_kw,heat_load_kw,cooling_load_kw,pv_kw,wind_kw,buy_price_cny_per_kwh,sell_price_cny_per_kwh
2025-01-01 00:00:00,312.017722,296.277108,157.541609,0.000000,91.534085,0.350000,0.250000
2025-01-01 01:00:00,299.217397,305.583366,166.325539,0.000000,110.980360,0.350000,0.250000
2025-01-01 02:00:00,303.804676,329.304040,176.889965,0.000000,116.925009,0.350000,0.250000
2025-01-01 03:00:00,291.505717,338.492389,172.750483,0.000000,113.648651,0.350000,0.250000
2025-01-01 04:00:00,317.682804,337.255760,169.723268,0.000000,135.358853,0.350000,0.250000
2025-01-01 05:00:00,307.397637,344.190707,176.596458,0.000000,128.589682,0.350000,0.250000
2025-01-01 06:00:00,296.865395,331.981814,178.077726,0.000000,133.632631,0.350000,0.250000
2025-01-01 07:00:00,320.939486,324.868937,223.169122,59.790286,139.984513,0.650000,0.250000
2025-01-01 08:00:00,349.135532,322.143401,260.658322,112.835522,139.428289,0.650000,0.250000
2025-01-01 09:00:00,382.217618,311.149084,296.125985,172.225977,129.395264,0.650000,0.250000
2025-01-01 10:00:00,379.246566,286.195220,319.339113,204.151901,109.198293,0.650000,0.250000
2025-01-01 11:00:00,425.482823,263.620055,348.146068,227.580356,97.628237,0.650000,0.250000
2025-01-01 12:00:00,413.184026,257.030596,351.989593,226.231675,85.815299,0.650000,0.250000
2025-01-01 13:00:00,401.995306,242.239439,338.869407,237.569508,64.753696,0.650000,0.250000
2025-01-01 14:00:00,385.699008,224.784583,324.241500,207.047725,62.372968,0.650000,0.250000
2025-01-01 15:00:00,381.436948,214.633344,293.110580,172.913569,50.237084,0.650000,0.250000
2025-01-01 16:00:00,352.765003,199.547508,250.158118,115.949626,45.396029,0.650000,0.250000
2025-01-01 17:00:00,331.171293,204.050534,221.536629,59.873922,45.351512,1.050000,0.250000
2025-01-01 18:00:00,297.932728,201.963665,159.651215,0.000000,29.127605,1.050000,0.250000
2025-01-01 19:00:00,291.045346,212.826815,165.906058,0.000000,62.124077,1.050000,0.250000
2025-01-01 20:00:00,298.737140,226.707422,165.680949,0.000000,39.628592,1.050000,0.250000
2025-01-01 21:00:00,298.943911,242.098097,159.331327,0.000000,61.033022,1.050000,0.250000
2025-01-01 22:00:00,295.882509,240.772355,173.726926,0.000000,70.292115,0.650000,0.250000
2025-01-01 23:00:00,303.274534,283.360935,171.235045,0.000000,80.504451,0.350000,0.250000
2025-01-02 00:00:00,251.516926,232.985809,149.703903,0.000000,93.969839,0.350000,0.250000
2025-01-02 01:00:00,230.376679,240.533323,126.983991,0.000000,109.833328,0.350000,0.250000
2025-01-02 02:00:00,223.845915,247.137881,140.505591,0.000000,145.780576,0.350000,0.250000
2025-01-02 03:00:00,276.461940,267.487001,130.081175,0.000000,132.183681,0.350000,0.250000
2025-01-02 04:00:00,231.740297,266.449433,133.100706,0.000000,146.258425,0.350000,0.250000
2025-01-02 05:00:00,243.380173,270.413461,129.712250,0.000000,129.164305,0.350000,0.250000
2025-01-02 06:00:00,240.850200,283.915730,139.039677,0.000000,127.475115,0.350000,0.250000
2025-01-02 07:00:00,249.599000,256.450792,167.912048,61.015357,119.114503,0.650000,0.250000
2025-01-02 08:00:00,294.681674,248.039096,214.448805,116.392404,119.940150,0.650000,0.250000
2025-01-02 09:00:00,301.993287,238.413500,239.145012,158.166865,97.792731,0.650000,0.250000
2025-01-02 10:00:00,300.853667,231.511544,270.139534,220.821027,100.223197,0.650000,0.250000
2025-01-02 11:00:00,328.235086,226.069077,273.047871,238.104139,103.275465,0.650000,0.250000
2025-01-02 12:00:00,332.889093,213.397333,277.460836,256.685076,61.935233,0.650000,0.250000
2025-01-02 13:00:00,344.616307,201.379651,269.856657,220.862230,85.037332,0.650000,0.250000
2025-01-02 14:00:00,302.904370,168.821797,262.653418,223.417825,58.118732,0.650000,0.250000
2025-01-02 15:00:00,300.521122,169.770997,246.836289,160.440933,58.756122,0.650000,0.250000
2025-01-02 16:00:00,260.017738,161.080088,200.250378,121.761562,35.995509,0.650000,0.250000
2025-01-02 17:00:00,259.808844,166.886807,163.102715,58.718136,39.189967,1.050000,0.250000
2025-01-02 18:00:00,237.563513,169.491898,142.302404,0.000000,44.679270,1.050000,0.250000
2025-01-02 19:00:00,233.144279,165.279530,139.937455,0.000000,38.016200,1.050000,0.250000
2025-01-02 20:00:00,242.581468,177.805440,158.137273,0.000000,47.941275,1.050000,0.250000
2025-01-02 21:00:00,238.046990,175.882789,133.271824,0.000000,81.970243,1.050000,0.250000
2025-01-02 22:00:00,232.746585,195.878114,120.819168,0.000000,65.604170,0.650000,0.250000
2025-01-02 23:00:00,235.142317,208.606177,137.243380,0.000000,72.395457,0.350000,0.250000
2025-01-03 00:00:00,245.657096,261.333867,171.136836,0.000000,108.081013,0.350000,0.250000
2025-01-03 01:00:00,262.917190,274.958984,140.001442,0.000000,131.147856,0.350000,0.250000
2025-01-03 02:00:00,264.035716,270.563725,146.825715,0.000000,126.113058,0.350000,0.250000
2025-01-03 03:00:00,255.621873,284.978619,143.453681,0.000000,145.619252,0.350000,0.250000
2025-01-03 04:00:00,260.683675,291.937616,148.321542,0.000000,126.341304,0.350000,0.250000
2025-01-03 05:00:00,262.616454,290.392546,164.641645,0.000000,138.096821,0.350000,0.250000
2025-01-03 06:00:00,249.661837,280.224273,157.425443,0.000000,134.732864,0.350000,0.250000
2025-01-03 07:00:00,261.807478,290.540768,189.810041,57.431271,116.161507,0.650000,0.250000
2025-01-03 08:00:00,308.200723,273.992707,219.507079,97.516108,109.476271,0.650000,0.250000
2025-01-03 09:00:00,326.010821,272.901339,231.941507,143.540839,103.765006,0.650000,0.250000
2025-01-03 10:00:00,342.421671,243.663242,261.924477,176.676454,110.728203,0.650000,0.250000
2025-01-03 11:00:00,329.697721,237.998591,288.124952,195.907681,65.718361,0.650000,0.250000
2025-01-03 12:00:00,347.240236,225.937733,300.453840,206.043780,81.628943,0.650000,0.250000
2025-01-03 13:00:00,353.373098,214.998008,294.265099,208.956835,54.621343,0.650000,0.250000
2025-01-03 14:00:00,339.668293,183.023571,283.894923,170.771036,60.417061,0.650000,0.250000
2025-01-03 15:00:00,321.892258,188.424651,258.481727,151.198329,55.302634,0.650000,0.250000
2025-01-03 16:00:00,286.171634,172.516745,212.468391,108.108259,63.134741,0.650000,0.250000
2025-01-03 17:00:00,290.392916,165.413652,178.064939,51.455852,31.934616,1.050000,0.250000
2025-01-03 18:00:00,250.764840,175.548446,157.138795,0.000000,23.533383,1.050000,0.250000
2025-01-03 19:00:00,262.470924,179.630943,151.207421,0.000000,33.421336,1.050000,0.250000
2025-01-03 20:00:00,251.725282,193.330212,135.243544,0.000000,71.920279,1.050000,0.250000
2025-01-03 21:00:00,268.977531,196.478982,154.406409,0.000000,81.147679,1.050000,0.250000
2025-01-03 22:00:00,261.631334,217.700122,140.989537,0.000000,88.169730,0.650000,0.250000
2025-01-03 23:00:00,263.419250,239.086561,139.428010,0.000000,119.424324,0.350000,0.250000
2025-01-04 00:00:00,286.879092,277.820254,162.635076,0.000000,132.101333,0.350000,0.250000
2025-01-04 01:00:00,294.553258,291.424094,181.164892,0.000000,104.928876,0.350000,0.250000
2025-01-04 02:00:00,303.702470,297.005524,163.406711,0.000000,114.239548,0.350000,0.250000
2025-01-04 03:00:00,269.431651,298.350828,156.190577,0.000000,141.290254,0.350000,0.250000
2025-01-04 04:00:00,287.766708,306.455685,144.062840,0.000000,127.805350,0.350000,0.250000
2025-01-04 05:00:00,289.964047,325.623474,163.649599,0.000000,131.721680,0.350000,0.250000
2025-01-04 06:00:00,290.812194,312.120426,161.106776,0.000000,131.666147,0.350000,0.250000
2025-01-04 07:00:00,306.019896,315.330389,202.486354,71.431610,122.454229,0.650000,0.250000
2025-01-04 08:00:00,311.329589,290.295341,231.958018,157.388575,93.507684,0.650000,0.250000
2025-01-04 09:00:00,365.279455,284.712090,279.061717,217.664742,105.932234,0.650000,0.250000
2025-01-04 10:00:00,371.601103,281.893859,304.047625,272.673554,71.220339,0.650000,0.250000
2025-01-04 11:00:00,364.813183,246.869409,316.684660,297.858665,88.149238,0.650000,0.250000
2025-01-04 12:00:00,369.455031,240.026407,316.762983,277.687306,56.607155,0.650000,0.250000
2025-01-04 13:00:00,360.608751,228.384173,314.708787,274.492565,38.191828,0.650000,0.250000
2025-01-04 14:00:00,364.579359,210.704963,301.796657,261.580639,50.876400,0.650000,0.250000
2025-01-04 15:00:00,372.134188,194.045619,265.664534,217.718529,41.022142,0.650000,0.250000
2025-01-04 16:00:00,348.621423,193.258164,242.766400,147.154575,69.945489,0.650000,0.250000
2025-01-04 17:00:00,335.668557,188.496164,205.894589,74.991335,40.880924,1.050000,0.250000
2025-01-04 18:00:00,288.448262,189.984245,165.054933,0.000000,39.105385,1.050000,0.250000
2025-01-04 19:00:00,259.575616,187.848836,158.874265,0.000000,90.746774,1.050000,0.250000
2025-01-04 20:00:00,297.723338,199.585111,165.325335,0.000000,74.940777,1.050000,0.250000
2025-01-04 21:00:00,286.675325,225.911166,159.829599,0.000000,76.296741,1.050000,0.250000
2025-01-04 22:00:00,284.527486,257.665177,164.328305,0.000000,102.745099,0.650000,0.250000
2025-01-04 23:00:00,291.420743,253.520214,161.180406,0.000000,117.663616,0.350000,0.250000
2025-01-05 00:00:00,315.689949,299.154356,184.876649,0.000000,125.536158,0.350000,0.250000
2025-01-05 01:00:00,313.787705,308.623771,183.678730,0.000000,129.439374,0.350000,0.250000
2025-01-05 02:00:00,284.450374,313.957156,187.105251,0.000000,126.366237,0.350000,0.250000
2025-01-05 03:00:00,290.310077,313.576641,171.846389,0.000000,138.685273,0.350000,0.250000
2025-01-05 04:00:00,301.625251,348.164281,163.706687,0.000000,130.164873,0.350000,0.250000
2025-01-05 05:00:00,307.306911,353.209082,178.951515,0.000000,113.559338,0.350000,0.250000
2025-01-05 06:00:00,319.113903,357.475135,168.433157,0.000000,128.529412,0.350000,0.250000
2025-01-05 07:00:00,334.545525,348.523443,218.256522,58.234426,103.224687,0.650000,0.250000
2025-01-05 08:00:00,366.499600,338.435387,261.397366,114.366824,84.617230,0.650000,0.250000
2025-01-05 09:00:00,391.635765,298.567083,305.882343,169.831946,92.126895,0.650000,0.250000
2025-01-05 10:00:00,374.976986,287.537148,315.291394,219.326435,70.471991,0.650000,0.250000
2025-01-05 11:00:00,412.558572,273.276657,345.111551,216.549553,46.077762,0.650000,0.250000
2025-01-05 12:00:00,426.943785,262.079008,355.469010,239.896466,54.585873,0.650000,0.250000
2025-01-05 13:00:00,439.130171,238.817446,343.928364,235.459426,34.146186,0.650000,0.250000
2025-01-05 14:00:00,388.774448,217.579333,328.217696,221.689986,45.613705,0.650000,0.250000
2025-01-05 15:00:00,377.021334,220.515959,306.697877,157.654282,38.698344,0.650000,0.250000
2025-01-05 16:00:00,369.981989,207.667504,252.706512,111.154446,54.173287,0.650000,0.250000
2025-01-05 17:00:00,326.045315,205.243468,210.158228,63.409474,73.155595,1.050000,0.250000
2025-01-05 18:00:00,305.309910,209.071350,156.914978,0.000000,63.974653,1.050000,0.250000
2025-01-05 19:00:00,295.474522,219.029655,192.172726,0.000000,68.303582,1.050000,0.250000
2025-01-05 20:00:00,311.165499,237.578641,166.415359,0.000000,111.855586,1.050000,0.250000
2025-01-05 21:00:00,288.519009,229.265645,172.805501,0.000000,111.398072,1.050000,0.250000
2025-01-05 22:00:00,311.240035,242.577984,180.317637,0.000000,127.793367,0.650000,0.250000
2025-01-05 23:00:00,300.809068,270.210755,180.523406,0.000000,127.196998,0.350000,0.250000
2025-01-06 00:00:00,256.895300,258.515655,142.499837,0.000000,123.787475,0.350000,0.250000
2025-01-06 01:00:00,253.915381,277.422085,155.822869,0.000000,152.414146,0.350000,0.250000
2025-01-06 02:00:00,264.019168,284.916224,156.041020,0.000000,139.120298,0.350000,0.250000
2025-01-06 03:00:00,262.905569,291.301482,164.790854,0.000000,100.017779,0.350000,0.250000
2025-01-06 04:00:00,288.638241,321.234756,150.647558,0.000000,118.093997,0.350000,0.250000
2025-01-06 05:00:00,265.872321,301.450981,144.982608,0.000000,118.794089,0.350000,0.250000
2025-01-06 06:00:00,251.374129,306.433706,170.311192,0.000000,97.598955,0.350000,0.250000
2025-01-06 07:00:00,292.496451,299.516642,179.873928,46.302148,85.314433,0.650000,0.250000
2025-01-06 08:00:00,339.571432,283.265980,244.177669,84.898300,85.400253,0.650000,0.250000
2025-01-06 09:00:00,341.150087,264.759145,264.125340,125.528634,63.614500,0.650000,0.250000
2025-01-06 10:00:00,332.298695,256.492943,279.942728,152.316605,57.201142,0.650000,0.250000
2025-01-06 11:00:00,341.742950,227.527409,306.392295,176.510102,20.251925,0.650000,0.250000
2025-01-06 12:00:00,374.906195,226.450863,302.068426,174.671938,56.563033,0.650000,0.250000
2025-01-06 13:00:00,366.402984,228.254646,305.897269,183.604316,42.996865,0.650000,0.250000
2025-01-06 14:00:00,362.403557,201.246671,297.175913,161.770295,41.308448,0.650000,0.250000
2025-01-06 15:00:00,331.568046,192.637177,274.693167,131.655955,45.931572,0.650000,0.250000
2025-01-06 16:00:00,321.166458,178.099127,238.450998,97.388626,48.259734,0.650000,0.250000
2025-01-06 17:00:00,284.811493,159.372132,186.010193,46.756659,65.086744,1.050000,0.250000
2025-01-06 18:00:00,282.662587,178.104734,145.643203,0.000000,90.943226,1.050000,0.250000
2025-01-06 19:00:00,257.595491,179.026164,158.358104,0.000000,97.769816,1.050000,0.250000
2025-01-06 20:00:00,269.143235,201.859298,145.609087,0.000000,99.118577,1.050000,0.250000
2025-01-06 21:00:00,254.716306,196.686004,159.375705,0.000000,100.232637,1.050000,0.250000
2025-01-06 22:00:00,268.152849,233.296056,135.643810,0.000000,110.745168,0.650000,0.250000
2025-01-06 23:00:00,286.841143,242.713371,160.028250,0.000000,115.536713,0.350000,0.250000
2025-01-07 00:00:00,304.355741,282.256451,172.379936,0.000000,144.333209,0.350000,0.250000
2025-01-07 01:00:00,307.454975,287.470568,152.176638,0.000000,147.719363,0.350000,0.250000
2025-01-07 02:00:00,285.523399,299.867196,170.947065,0.000000,150.542277,0.350000,0.250000
2025-01-07 03:00:00,303.966446,322.757456,163.009741,0.000000,118.228629,0.350000,0.250000
2025-01-07 04:00:00,285.590061,349.026890,184.436133,0.000000,101.449795,0.350000,0.250000
2025-01-07 05:00:00,308.031107,340.109246,173.695151,0.000000,109.271311,0.350000,0.250000
2025-01-07 06:00:00,306.651046,337.732095,172.881117,0.000000,91.003453,0.350000,0.250000
2025-01-07 07:00:00,318.621134,315.492462,227.648618,52.403626,94.663790,0.650000,0.250000
2025-01-07 08:00:00,354.006807,325.550880,255.328604,92.299217,54.378344,0.650000,0.250000
2025-01-07 09:00:00,377.733273,300.912631,280.051172,127.562472,57.223440,0.650000,0.250000
2025-01-07 10:00:00,411.440589,290.911525,317.604717,179.476081,51.559405,0.650000,0.250000
2025-01-07 11:00:00,398.058972,257.207436,333.303273,175.603492,31.529551,0.650000,0.250000
2025-01-07 12:00:00,410.252279,251.106005,326.015912,180.825827,56.948417,0.650000,0.250000
2025-01-07 13:00:00,413.204624,239.510857,334.822994,191.863572,33.528952,0.650000,0.250000
2025-01-07 14:00:00,394.005114,220.022067,327.811802,170.879602,49.442113,0.650000,0.250000
2025-01-07 15:00:00,358.038907,203.449664,292.210239,127.742263,51.245466,0.650000,0.250000
2025-01-07 16:00:00,353.978864,195.065200,250.207650,103.505698,62.676089,0.650000,0.250000
2025-01-07 17:00:00,328.224690,198.927103,205.078653,48.047620,95.606466,1.050000,0.250000
2025-01-07 18:00:00,283.825921,182.163626,155.260025,0.000000,90.371007,1.050000,0.250000
2025-01-07 19:00:00,296.359545,215.716035,148.772111,0.000000,120.384115,1.050000,0.250000
2025-01-07 20:00:00,284.237506,213.949375,164.131651,0.000000,108.584856,1.050000,0.250000
2025-01-07 21:00:00,314.900699,246.003256,167.467272,0.000000,122.246723,1.050000,0.250000
2025-01-07 22:00:00,318.815168,247.229499,171.203249,0.000000,167.117387,0.650000,0.250000
2025-01-07 23:00:00,307.986302,260.208737,177.906769,0.000000,127.589660,0.350000,0.250000
2025-01-08 00:00:00,257.869254,242.660250,148.136290,0.000000,110.223059,0.350000,0.250000
2025-01-08 01:00:00,262.525215,248.942744,133.905232,0.000000,129.978915,0.350000,0.250000
2025-01-08 02:00:00,246.204269,275.684364,134.706223,0.000000,114.801316,0.350000,0.250000
2025-01-08 03:00:00,253.967296,280.656964,137.380481,0.000000,113.256028,0.350000,0.250000
2025-01-08 04:00:00,231.822988,268.660082,145.345070,0.000000,100.405816,0.350000,0.250000
2025-01-08 05:00:00,254.190554,288.146615,153.024822,0.000000,75.936341,0.350000,0.250000
2025-01-08 06:00:00,241.406457,286.640147,155.403204,0.000000,48.332745,0.350000,0.250000
2025-01-08 07:00:00,257.605666,271.761756,178.625374,55.272528,67.962973,0.650000,0.250000
2025-01-08 08:00:00,296.236520,277.430826,212.757299,116.647125,63.926701,0.650000,0.250000
2025-01-08 09:00:00,300.376247,259.916433,249.108223,165.875665,70.088170,0.650000,0.250000
2025-01-08 10:00:00,325.783525,259.030753,269.598047,182.998160,47.372373,0.650000,0.250000
2025-01-08 11:00:00,329.416247,221.241617,289.107644,215.800331,37.533988,0.650000,0.250000
2025-01-08 12:00:00,357.277470,221.223021,302.377663,226.218346,62.894482,0.650000,0.250000
2025-01-08 13:00:00,319.761608,195.169175,278.995336,230.459333,44.171466,0.650000,0.250000
2025-01-08 14:00:00,331.256120,200.532617,270.043740,196.082351,55.392963,0.650000,0.250000
2025-01-08 15:00:00,319.712511,176.133411,251.874390,158.764784,87.268728,0.650000,0.250000
2025-01-08 16:00:00,303.692917,174.898889,208.958521,108.300221,89.636617,0.650000,0.250000
2025-01-08 17:00:00,288.445204,169.862069,190.178356,59.242427,104.403675,1.050000,0.250000
2025-01-08 18:00:00,257.998653,167.336927,148.130355,0.000000,106.241486,1.050000,0.250000
2025-01-08 19:00:00,210.745389,162.297570,149.057773,0.000000,98.550855,1.050000,0.250000
2025-01-08 20:00:00,245.981119,196.439546,141.571384,0.000000,121.796767,1.050000,0.250000
2025-01-08 21:00:00,259.422777,210.647422,146.491842,0.000000,127.654414,1.050000,0.250000
2025-01-08 22:00:00,254.099014,201.045026,143.396968,0.000000,144.558955,0.650000,0.250000
2025-01-08 23:00:00,254.941686,224.993298,144.594169,0.000000,142.401770,0.350000,0.250000
2025-01-09 00:00:00,278.065296,249.048568,139.984775,0.000000,134.531581,0.350000,0.250000
2025-01-09 01:00:00,246.440562,269.009367,157.204176,0.000000,129.403583,0.350000,0.250000
2025-01-09 02:00:00,247.957916,282.553424,148.898554,0.000000,122.946667,0.350000,0.250000
2025-01-09 03:00:00,282.560440,304.029355,161.837975,0.000000,105.879499,0.350000,0.250000
2025-01-09 04:00:00,274.011020,296.785052,152.365625,0.000000,89.288608,0.350000,0.250000
2025-01-09 05:00:00,256.057702,294.594504,156.390795,0.000000,82.435663,0.350000,0.250000
2025-01-09 06:00:00,272.850096,292.816897,157.369497,0.000000,52.682243,0.350000,0.250000
2025-01-09 07:00:00,306.594535,285.668437,177.243121,67.427208,45.927653,0.650000,0.250000
2025-01-09 08:00:00,312.722573,277.714298,224.284612,131.027581,55.107361,0.650000,0.250000
2025-01-09 09:00:00,335.476128,270.452141,263.247642,197.623975,42.160079,0.650000,0.250000
2025-01-09 10:00:00,320.550713,252.635742,282.328989,228.281713,59.251613,0.650000,0.250000
2025-01-09 11:00:00,358.594586,232.433848,301.364225,257.820582,46.516626,0.650000,0.250000
2025-01-09 12:00:00,371.217476,216.064040,309.084453,285.846430,39.571355,0.650000,0.250000
2025-01-09 13:00:00,367.848015,211.288492,298.298343,255.163840,47.869723,0.650000,0.250000
2025-01-09 14:00:00,340.261283,197.309128,274.721052,252.036815,52.598934,0.650000,0.250000
2025-01-09 15:00:00,329.234731,184.076262,277.879606,190.400728,96.017318,0.650000,0.250000
2025-01-09 16:00:00,313.894602,180.347221,227.926051,137.334246,88.155779,0.650000,0.250000
2025-01-09 17:00:00,306.735480,171.311416,199.541760,66.574682,100.923835,1.050000,0.250000
2025-01-09 18:00:00,251.945595,180.698036,162.880519,0.000000,110.137372,1.050000,0.250000
2025-01-09 19:00:00,251.433742,181.364738,138.577158,0.000000,124.541238,1.050000,0.250000
2025-01-09 20:00:00,280.637304,215.442059,146.626831,0.000000,131.896173,1.050000,0.250000
2025-01-09 21:00:00,262.994174,209.160717,151.814844,0.000000,128.566664,1.050000,0.250000
2025-01-09 22:00:00,248.031830,208.177210,156.545471,0.000000,127.846933,0.650000,0.250000
2025-01-09 23:00:00,264.911213,242.796195,152.762423,0.000000,148.182178,0.350000,0.250000
2025-01-10 00:00:00,257.680685,244.355831,149.610351,0.000000,128.999970,0.350000,0.250000
2025-01-10 01:00:00,252.232650,239.414421,146.175341,0.000000,102.964807,0.350000,0.250000
2025-01-10 02:00:00,261.639504,266.742003,152.468742,0.000000,87.819871,0.350000,0.250000
2025-01-10 03:00:00,243.111477,269.911760,141.201466,0.000000,85.664755,0.350000,0.250000
2025-01-10 04:00:00,250.221137,266.891444,144.172094,0.000000,69.355383,0.350000,0.250000
2025-01-10 05:00:00,243.166771,275.272908,138.408315,0.000000,66.318648,0.350000,0.250000
2025-01-10 06:00:00,243.069970,258.020853,133.415897,0.000000,49.949963,0.350000,0.250000
2025-01-10 07:00:00,285.316013,267.776007,187.259188,67.598023,51.475591,0.650000,0.250000
2025-01-10 08:00:00,288.859152,260.050612,224.604694,132.894428,22.514789,0.650000,0.250000
2025-01-10 09:00:00,301.602227,248.309346,245.488078,179.620511,40.389049,0.650000,0.250000
2025-01-10 10:00:00,334.310752,242.661714,263.778825,252.680763,49.805081,0.650000,0.250000
2025-01-10 11:00:00,324.121280,225.222466,277.234226,277.180094,68.704300,0.650000,0.250000
2025-01-10 12:00:00,304.442230,193.518239,271.642549,277.816715,55.124897,0.650000,0.250000
2025-01-10 13:00:00,312.771168,183.205476,269.462587,275.303868,89.120903,0.650000,0.250000
2025-01-10 14:00:00,317.141234,176.350955,253.112731,234.455635,76.950581,0.650000,0.250000
2025-01-10 15:00:00,296.146054,169.505550,227.165596,193.646674,91.783525,0.650000,0.250000
2025-01-10 16:00:00,294.319225,167.819178,200.290422,136.988815,92.044317,0.650000,0.250000
2025-01-10 17:00:00,276.329817,162.448440,165.940534,74.480052,116.884365,1.050000,0.250000
2025-01-10 18:00:00,253.352308,163.351499,152.823787,0.000000,118.739956,1.050000,0.250000
2025-01-10 19:00:00,254.998185,185.654702,156.253433,0.000000,117.852746,1.050000,0.250000
2025-01-10 20:00:00,263.815749,170.793373,129.989227,0.000000,138.509383,1.050000,0.250000
2025-01-10 21:00:00,244.767963,185.882231,135.175856,0.000000,124.445884,1.050000,0.250000
2025-01-10 22:00:00,273.376318,207.239801,147.663629,0.000000,131.235182,0.650000,0.250000
2025-01-10 23:00:00,237.434076,198.426265,129.545482,0.000000,101.973738,0.350000,0.250000
2025-01-11 00:00:00,247.712159,246.887509,145.142371,0.000000,101.689236,0.350000,0.250000
2025-01-11 01:00:00,254.532804,256.291584,137.241332,0.000000,108.441110,0.350000,0.250000
2025-01-11 02:00:00,241.650762,253.414954,132.381484,0.000000,62.582154,0.350000,0.250000
2025-01-11 03:00:00,249.283459,274.171405,135.514304,0.000000,85.199587,0.350000,0.250000
2025-01-11 04:00:00,255.663682,289.727468,152.070357,0.000000,87.703035,0.350000,0.250000
2025-01-11 05:00:00,241.873675,287.635050,142.398403,0.000000,36.487833,0.350000,0.250000
2025-01-11 06:00:00,246.186619,264.837361,149.592904,0.000000,41.465925,0.350000,0.250000
2025-01-11 07:00:00,274.815697,265.752194,173.541281,72.693665,46.070879,0.650000,0.250000
2025-01-11 08:00:00,313.450704,258.539241,220.776456,141.393080,54.549336,0.650000,0.250000
2025-01-11 09:00:00,305.570930,250.065399,241.236805,213.658526,54.478316,0.650000,0.250000
2025-01-11 10:00:00,332.829387,241.311436,276.999845,266.228215,46.529521,0.650000,0.250000
2025-01-11 11:00:00,338.360105,216.658867,279.062288,258.163333,77.621039,0.650000,0.250000
2025-01-11 12:00:00,341.268840,204.988113,293.257969,303.281036,43.330769,0.650000,0.250000
2025-01-11 13:00:00,343.433541,193.317222,280.879016,270.654532,78.074338,0.650000,0.250000
2025-01-11 14:00:00,349.068512,187.491841,266.061772,236.141060,85.265126,0.650000,0.250000
2025-01-11 15:00:00,285.386447,173.801142,248.924661,217.939653,93.709854,0.650000,0.250000
2025-01-11 16:00:00,278.685352,158.260108,213.209618,141.069252,81.945982,0.650000,0.250000
2025-01-11 17:00:00,278.563294,170.050118,176.560338,79.984114,109.862782,1.050000,0.250000
2025-01-11 18:00:00,263.040216,143.758963,139.074323,0.000000,138.625987,1.050000,0.250000
2025-01-11 19:00:00,240.144026,174.971651,146.378194,0.000000,131.031359,1.050000,0.250000
2025-01-11 20:00:00,252.757925,169.017800,151.377819,0.000000,128.270950,1.050000,0.250000
2025-01-11 21:00:00,247.978419,180.330400,143.684671,0.000000,136.981868,1.050000,0.250000
2025-01-11 22:00:00,229.178622,205.741872,147.790742,0.000000,116.073951,0.650000,0.250000
2025-01-11 23:00:00,258.763916,223.808436,145.150283,0.000000,127.442438,0.350000,0.250000
2025-01-12 00:00:00,290.174581,272.580857,170.702506,0.000000,95.326272,0.350000,0.250000
2025-01-12 01:00:00,280.351471,313.832743,169.894882,0.000000,100.991164,0.350000,0.250000
2025-01-12 02:00:00,291.430493,307.405406,171.778317,0.000000,82.584669,0.350000,0.250000
2025-01-12 03:00:00,315.695693,323.957600,164.270438,0.000000,62.575920,0.350000,0.250000
2025-01-12 04:00:00,289.692683,323.994715,174.610626,0.000000,68.524195,0.350000,0.250000
2025-01-12 05:00:00,288.183997,332.348347,158.264231,0.000000,65.976476,0.350000,0.250000
2025-01-12 06:00:00,304.255322,314.899129,173.913103,0.000000,27.270083,0.350000,0.250000
2025-01-12 07:00:00,319.508220,323.144455,215.024021,75.611687,48.494777,0.650000,0.250000
2025-01-12 08:00:00,362.698614,319.236729,227.983762,144.126413,44.557525,0.650000,0.250000
2025-01-12 09:00:00,345.643126,296.107452,295.555114,191.861700,55.065668,0.650000,0.250000
2025-01-12 10:00:00,372.293382,273.588623,323.968130,233.347663,63.726745,0.650000,0.250000
2025-01-12 11:00:00,371.273244,276.273751,333.681556,280.990382,74.406558,0.650000,0.250000
2025-01-12 12:00:00,380.372486,253.246747,331.968391,274.733917,72.453276,0.650000,0.250000
2025-01-12 13:00:00,386.760045,232.953798,330.907591,281.915978,89.894464,0.650000,0.250000
2025-01-12 14:00:00,389.441662,209.971172,329.986835,265.399102,116.778105,0.650000,0.250000
2025-01-12 15:00:00,383.083198,195.704971,303.399241,203.239526,124.153668,0.650000,0.250000
2025-01-12 16:00:00,345.351544,193.995444,249.244931,138.018945,138.634040,0.650000,0.250000
2025-01-12 17:00:00,321.975559,186.126106,217.170836,71.973519,136.827058,1.050000,0.250000
2025-01-12 18:00:00,301.686222,193.565828,159.848221,0.000000,113.841103,1.050000,0.250000
2025-01-12 19:00:00,295.583619,201.854651,163.760233,0.000000,120.032190,1.050000,0.250000
2025-01-12 20:00:00,306.190323,208.004954,170.164868,0.000000,150.731128,1.050000,0.250000
2025-01-12 21:00:00,291.011903,229.716756,185.886373,0.000000,125.292356,1.050000,0.250000
2025-01-12 22:00:00,285.621593,241.182141,171.359320,0.000000,117.076875,0.650000,0.250000
2025-01-12 23:00:00,310.346410,260.461531,185.676847,0.000000,133.923821,0.350000,0.250000
2025-01-13 00:00:00,284.957153,273.003166,171.479068,0.000000,90.483078,0.350000,0.250000
2025-01-13 01:00:00,278.215766,285.392316,156.384329,0.000000,79.666967,0.350000,0.250000
2025-01-13 02:00:00,307.153013,310.285387,149.718102,0.000000,65.546412,0.350000,0.250000
2025-01-13 03:00:00,318.804471,309.568985,164.676000,0.000000,63.579935,0.350000,0.250000
2025-01-13 04:00:00,300.412243,328.952909,170.440969,0.000000,41.315021,0.350000,0.250000
2025-01-13 05:00:00,304.189189,319.375023,170.428364,0.000000,39.137821,0.350000,0.250000
2025-01-13 06:00:00,293.380263,323.055912,159.227810,0.000000,31.752136,0.350000,0.250000
2025-01-13 07:00:00,324.669933,312.025405,216.927440,67.766879,39.737799,0.650000,0.250000
2025-01-13 08:00:00,338.595189,320.993887,254.344450,131.306258,57.013490,0.650000,0.250000
2025-01-13 09:00:00,342.524629,295.929314,302.435056,180.105412,58.995153,0.650000,0.250000
2025-01-13 10:00:00,391.055210,286.998082,297.141980,219.288859,70.023495,0.650000,0.250000
2025-01-13 11:00:00,386.376296,272.685922,327.363751,269.340549,63.136976,0.650000,0.250000
2025-01-13 12:00:00,365.532262,242.673195,334.095768,275.767209,102.946548,0.650000,0.250000
2025-01-13 13:00:00,409.337053,226.741949,312.807597,254.716523,108.311180,0.650000,0.250000
2025-01-13 14:00:00,388.190368,221.838564,303.803089,214.810942,100.986867,0.650000,0.250000
2025-01-13 15:00:00,376.801613,189.654569,279.012825,197.335767,118.689007,0.650000,0.250000
2025-01-13 16:00:00,356.169501,198.238849,250.862466,134.124550,126.131237,0.650000,0.250000
2025-01-13 17:00:00,299.427506,187.594472,215.641158,64.840646,114.661963,1.050000,0.250000
2025-01-13 18:00:00,284.960376,191.689435,164.877664,0.000000,127.459547,1.050000,0.250000
2025-01-13 19:00:00,284.909160,209.325617,174.274391,0.000000,128.762185,1.050000,0.250000
2025-01-13 20:00:00,295.331578,207.454125,158.626764,0.000000,121.353385,1.050000,0.250000
2025-01-13 21:00:00,279.690800,229.401533,173.639146,0.000000,122.121350,1.050000,0.250000
2025-01-13 22:00:00,291.013256,247.278269,167.697910,0.000000,97.351328,0.650000,0.250000
2025-01-13 23:00:00,294.005569,270.419967,150.087922,0.000000,115.922321,0.350000,0.250000
2025-01-14 00:00:00,273.152001,267.382368,147.940595,0.000000,89.666333,0.350000,0.250000
2025-01-14 01:00:00,269.768891,280.458793,149.816365,0.000000,65.413948,0.350000,0.250000
2025-01-14 02:00:00,272.833904,300.665113,164.528210,0.000000,61.043404,0.350000,0.250000
2025-01-14 03:00:00,300.522048,299.488920,160.468424,0.000000,66.203335,0.350000,0.250000
2025-01-14 04:00:00,264.527666,312.061201,171.772872,0.000000,48.876494,0.350000,0.250000
2025-01-14 05:00:00,278.976614,313.717026,163.213655,0.000000,44.489057,0.350000,0.250000
2025-01-14 06:00:00,282.532014,309.135472,165.164938,0.000000,25.209498,0.350000,0.250000
2025-01-14 07:00:00,311.505749,301.948150,207.173153,74.579250,60.171114,0.650000,0.250000
2025-01-14 08:00:00,345.978629,299.180714,250.418273,148.614314,77.265622,0.650000,0.250000
2025-01-14 09:00:00,357.201494,292.725763,264.927966,203.130264,69.251260,0.650000,0.250000
2025-01-14 10:00:00,368.478333,270.601846,308.934356,252.896929,90.038972,0.650000,0.250000
2025-01-14 11:00:00,378.828900,249.788343,304.564080,285.932227,61.030706,0.650000,0.250000
2025-01-14 12:00:00,389.936997,222.563052,322.243469,282.337475,115.681315,0.650000,0.250000
2025-01-14 13:00:00,376.585655,213.181072,312.280180,261.877934,118.935564,0.650000,0.250000
2025-01-14 14:00:00,364.055227,203.304280,287.720818,255.409869,100.702017,0.650000,0.250000
2025-01-14 15:00:00,361.722306,195.836499,293.782586,194.940328,127.739198,0.650000,0.250000
2025-01-14 16:00:00,353.452002,197.808269,235.792158,139.152703,133.490654,0.650000,0.250000
2025-01-14 17:00:00,311.001069,180.460319,201.839369,78.406678,136.621481,1.050000,0.250000
2025-01-14 18:00:00,286.989078,186.457796,147.987496,0.000000,137.840963,1.050000,0.250000
2025-01-14 19:00:00,272.876649,192.562722,148.902548,0.000000,122.517407,1.050000,0.250000
2025-01-14 20:00:00,296.329880,200.079824,166.029612,0.000000,124.795176,1.050000,0.250000
2025-01-14 21:00:00,279.892084,225.718633,156.629412,0.000000,110.637000,1.050000,0.250000
2025-01-14 22:00:00,265.005442,230.244879,150.915423,0.000000,96.057639,0.650000,0.250000
2025-01-14 23:00:00,310.084109,237.516881,162.536968,0.000000,84.079184,0.350000,0.250000
2025-01-15 00:00:00,294.228983,292.897693,162.879391,0.000000,79.799060,0.350000,0.250000
2025-01-15 01:00:00,289.419628,289.341058,148.301006,0.000000,56.822174,0.350000,0.250000
2025-01-15 02:00:00,279.234864,309.010926,161.837454,0.000000,58.304351,0.350000,0.250000
2025-01-15 03:00:00,275.326481,327.126475,155.325408,0.000000,69.608692,0.350000,0.250000
2025-01-15 04:00:00,304.915327,326.286392,158.982655,0.000000,45.879304,0.350000,0.250000
2025-01-15 05:00:00,291.837349,327.083486,166.260237,0.000000,29.229593,0.350000,0.250000
2025-01-15 06:00:00,285.188941,332.822552,155.560223,0.000000,41.191810,0.350000,0.250000
2025-01-15 07:00:00,319.657747,315.638887,221.421202,74.492726,42.438557,0.650000,0.250000
2025-01-15 08:00:00,351.475211,301.800938,245.144375,142.288397,61.599031,0.650000,0.250000
2025-01-15 09:00:00,375.687687,287.792660,279.293481,187.245839,71.565478,0.650000,0.250000
2025-01-15 10:00:00,394.701870,282.704804,324.385651,240.815391,77.631396,0.650000,0.250000
2025-01-15 11:00:00,392.752919,250.757424,321.119362,271.530480,88.960999,0.650000,0.250000
2025-01-15 12:00:00,382.831233,241.505344,323.280047,261.749464,101.486958,0.650000,0.250000
2025-01-15 13:00:00,425.622717,222.734237,327.916350,262.996342,142.292906,0.650000,0.250000
2025-01-15 14:00:00,394.945580,214.711228,299.931679,237.839856,115.513971,0.650000,0.250000
2025-01-15 15:00:00,382.521680,208.059658,285.008565,192.795449,121.665670,0.650000,0.250000
2025-01-15 16:00:00,351.673609,204.531563,258.633704,135.674630,138.618628,0.650000,0.250000
2025-01-15 17:00:00,330.507725,179.256915,209.538817,70.027514,129.857487,1.050000,0.250000
2025-01-15 18:00:00,269.161127,192.222909,163.888454,0.000000,122.209486,1.050000,0.250000
2025-01-15 19:00:00,286.070924,201.268450,170.046534,0.000000,116.904018,1.050000,0.250000
2025-01-15 20:00:00,292.495318,196.968573,170.323178,0.000000,112.976322,1.050000,0.250000
2025-01-15 21:00:00,302.915881,210.722789,150.716226,0.000000,101.561455,1.050000,0.250000
2025-01-15 22:00:00,293.429193,238.962603,171.821726,0.000000,95.807788,0.650000,0.250000
2025-01-15 23:00:00,288.257128,243.305511,172.660787,0.000000,86.087844,0.350000,0.250000
2025-01-16 00:00:00,318.284669,305.936366,168.967299,0.000000,67.147459,0.350000,0.250000
2025-01-16 01:00:00,308.647233,301.769320,179.293109,0.000000,52.084412,0.350000,0.250000
2025-01-16 02:00:00,310.593332,323.444424,187.802410,0.000000,39.485489,0.350000,0.250000
2025-01-16 03:00:00,308.090139,343.906847,163.997193,0.000000,20.547258,0.350000,0.250000
2025-01-16 04:00:00,308.350655,335.070681,172.899778,0.000000,38.834825,0.350000,0.250000
2025-01-16 05:00:00,310.733697,344.058398,181.353093,0.000000,42.725652,0.350000,0.250000
2025-01-16 06:00:00,305.934492,352.367075,179.123194,0.000000,66.047612,0.350000,0.250000
2025-01-16 07:00:00,323.409227,348.175319,229.714956,59.123243,69.386794,0.650000,0.250000
2025-01-16 08:00:00,360.442481,330.942263,260.998043,101.905670,88.816355,0.650000,0.250000
2025-01-16 09:00:00,378.987852,305.778398,290.855204,162.935956,68.059256,0.650000,0.250000
2025-01-16 10:00:00,411.966159,307.937152,339.778651,178.640394,110.345113,0.650000,0.250000
2025-01-16 11:00:00,431.261049,271.308299,346.767694,206.122156,115.700834,0.650000,0.250000
2025-01-16 12:00:00,405.180707,258.056802,339.462734,222.424871,134.113957,0.650000,0.250000
2025-01-16 13:00:00,404.797614,230.122237,328.707930,193.425886,121.992016,0.650000,0.250000
2025-01-16 14:00:00,384.595980,228.035637,324.776257,195.860351,126.811793,0.650000,0.250000
2025-01-16 15:00:00,398.585185,217.873839,299.369919,162.275464,121.069057,0.650000,0.250000
2025-01-16 16:00:00,363.339310,207.087009,260.205576,114.430254,124.101461,0.650000,0.250000
2025-01-16 17:00:00,342.542403,207.887327,198.184886,56.728275,92.399552,1.050000,0.250000
2025-01-16 18:00:00,300.565724,214.111214,173.437885,0.000000,108.694960,1.050000,0.250000
2025-01-16 19:00:00,320.281182,197.678307,185.008107,0.000000,98.191256,1.050000,0.250000
2025-01-16 20:00:00,300.960932,216.273692,182.905980,0.000000,81.016923,1.050000,0.250000
2025-01-16 21:00:00,303.115207,232.312133,186.324258,0.000000,109.250749,1.050000,0.250000
2025-01-16 22:00:00,307.558776,247.164247,170.557985,0.000000,63.057722,0.650000,0.250000
2025-01-16 23:00:00,309.096235,265.139455,158.533249,0.000000,45.865726,0.350000,0.250000
2025-01-17 00:00:00,284.177803,296.774740,168.812662,0.000000,29.712077,0.350000,0.250000
2025-01-17 01:00:00,286.784839,298.985464,160.165138,0.000000,32.100979,0.350000,0.250000
2025-01-17 02:00:00,291.196003,306.740072,169.675935,0.000000,41.749276,0.350000,0.250000
2025-01-17 03:00:00,291.798835,316.422909,172.242120,0.000000,45.469970,0.350000,0.250000
2025-01-17 04:00:00,289.466896,335.503233,166.474695,0.000000,52.285137,0.350000,0.250000
2025-01-17 05:00:00,314.991436,320.738596,174.520224,0.000000,60.787473,0.350000,0.250000
2025-01-17 06:00:00,313.533390,333.040229,169.726370,0.000000,67.872566,0.350000,0.250000
2025-01-17 07:00:00,318.842098,316.010198,209.617493,57.129246,69.146538,0.650000,0.250000
2025-01-17 08:00:00,337.569942,300.546537,255.667854,117.603123,92.779925,0.650000,0.250000
2025-01-17 09:00:00,380.620358,297.965984,290.546923,162.606295,100.548377,0.650000,0.250000
2025-01-17 10:00:00,379.390798,298.480256,310.550984,189.098599,117.708118,0.650000,0.250000
2025-01-17 11:00:00,399.295021,251.826307,339.967390,196.882536,108.488632,0.650000,0.250000
2025-01-17 12:00:00,414.123661,250.367648,326.606403,236.413768,136.876712,0.650000,0.250000
2025-01-17 13:00:00,396.150414,241.587987,332.260346,212.846999,125.543061,0.650000,0.250000
2025-01-17 14:00:00,392.742866,218.513618,314.284033,204.537568,136.559158,0.650000,0.250000
2025-01-17 15:00:00,368.200727,193.163473,275.636336,150.434742,102.244002,0.650000,0.250000
2025-01-17 16:00:00,349.710250,193.173733,263.008027,104.797953,136.884954,0.650000,0.250000
2025-01-17 17:00:00,317.103886,195.577818,217.831190,58.575218,133.778464,1.050000,0.250000
2025-01-17 18:00:00,282.708022,199.355141,175.742487,0.000000,135.497339,1.050000,0.250000
2025-01-17 19:00:00,285.471124,192.798074,160.406688,0.000000,107.621932,1.050000,0.250000
2025-01-17 20:00:00,295.859476,205.717138,174.496308,0.000000,103.907395,1.050000,0.250000
2025-01-17 21:00:00,328.921657,231.797845,173.026234,0.000000,56.630583,1.050000,0.250000
2025-01-17 22:00:00,287.399764,236.619081,156.785333,0.000000,70.774350,0.650000,0.250000
2025-01-17 23:00:00,299.188647,260.592461,166.978401,0.000000,57.792149,0.350000,0.250000
2025-01-18 00:00:00,311.818311,289.801485,164.706091,0.000000,47.211298,0.350000,0.250000
2025-01-18 01:00:00,300.490585,318.469098,180.958104,0.000000,34.018504,0.350000,0.250000
2025-01-18 02:00:00,320.811313,337.030482,171.298684,0.000000,58.802225,0.350000,0.250000
2025-01-18 03:00:00,325.249021,344.826743,176.784273,0.000000,56.642694,0.350000,0.250000
2025-01-18 04:00:00,318.265393,357.950912,181.583074,0.000000,59.315305,0.350000,0.250000
2025-01-18 05:00:00,325.340410,362.381246,174.091870,0.000000,86.021914,0.350000,0.250000
2025-01-18 06:00:00,319.004051,339.199793,174.817527,0.000000,74.997021,0.350000,0.250000
2025-01-18 07:00:00,338.981975,356.796084,218.873892,51.068374,92.536638,0.650000,0.250000
2025-01-18 08:00:00,377.024631,337.904756,278.082029,101.363727,107.519464,0.650000,0.250000
2025-01-18 09:00:00,392.596530,319.246484,309.040989,157.730904,121.770478,0.650000,0.250000
2025-01-18 10:00:00,420.299585,301.410534,330.396982,175.347396,121.483592,0.650000,0.250000
2025-01-18 11:00:00,427.227786,299.727333,350.714639,200.451521,141.792688,0.650000,0.250000
2025-01-18 12:00:00,429.930221,281.796223,358.031852,225.454791,123.880993,0.650000,0.250000
2025-01-18 13:00:00,420.691310,247.396835,361.675254,213.104171,150.109378,0.650000,0.250000
2025-01-18 14:00:00,412.498253,227.558900,358.501870,183.936023,124.832884,0.650000,0.250000
2025-01-18 15:00:00,387.375876,211.019791,315.673270,138.826839,130.499493,0.650000,0.250000
2025-01-18 16:00:00,371.577068,217.086520,264.018172,112.233269,124.511373,0.650000,0.250000
2025-01-18 17:00:00,352.338224,211.395855,220.776560,56.262231,103.573669,1.050000,0.250000
2025-01-18 18:00:00,309.665682,203.682952,190.937350,0.000000,108.906778,1.050000,0.250000
2025-01-18 19:00:00,330.890683,241.062425,166.854274,0.000000,82.605899,1.050000,0.250000
2025-01-18 20:00:00,305.714310,221.595582,178.130859,0.000000,82.373651,1.050000,0.250000
2025-01-18 21:00:00,316.544526,249.253593,184.589911,0.000000,63.019093,1.050000,0.250000
2025-01-18 22:00:00,341.377867,264.968911,165.628205,0.000000,37.294159,0.650000,0.250000
2025-01-18 23:00:00,316.132161,281.100688,176.780678,0.000000,57.616651,0.350000,0.250000
2025-01-19 00:00:00,250.947214,250.857619,151.633744,0.000000,42.836316,0.350000,0.250000
2025-01-19 01:00:00,263.105818,263.563411,143.742564,0.000000,44.411027,0.350000,0.250000
2025-01-19 02:00:00,264.026553,282.764514,158.896537,0.000000,45.554982,0.350000,0.250000
2025-01-19 03:00:00,268.188821,292.513164,146.776084,0.000000,69.935219,0.350000,0.250000
2025-01-19 04:00:00,278.437190,307.950788,143.318358,0.000000,67.635332,0.350000,0.250000
2025-01-19 05:00:00,261.760070,290.609969,138.365191,0.000000,69.132875,0.350000,0.250000
2025-01-19 06:00:00,263.968875,287.371872,141.452421,0.000000,91.811058,0.350000,0.250000
2025-01-19 07:00:00,294.193012,305.113315,191.355484,46.905408,88.716121,0.650000,0.250000
2025-01-19 08:00:00,294.447091,290.588817,217.986693,86.004137,112.030813,0.650000,0.250000
2025-01-19 09:00:00,328.256252,258.064552,254.052474,139.162865,112.147882,0.650000,0.250000
2025-01-19 10:00:00,327.537912,258.103924,284.308109,147.642002,109.985139,0.650000,0.250000
2025-01-19 11:00:00,344.707756,234.327501,304.705117,189.467537,132.452424,0.650000,0.250000
2025-01-19 12:00:00,364.944743,199.916959,308.769664,178.530603,138.983946,0.650000,0.250000
2025-01-19 13:00:00,356.603434,212.922360,299.787136,190.725469,124.049311,0.650000,0.250000
2025-01-19 14:00:00,345.920443,190.044252,284.190619,153.703365,136.272564,0.650000,0.250000
2025-01-19 15:00:00,326.767261,167.133172,252.848410,120.410843,108.734438,0.650000,0.250000
2025-01-19 16:00:00,317.465277,183.073199,226.389467,98.600029,97.162940,0.650000,0.250000
2025-01-19 17:00:00,309.875898,169.353899,173.264022,48.075926,101.807124,1.050000,0.250000
2025-01-19 18:00:00,276.196239,178.021722,153.918160,0.000000,98.369860,1.050000,0.250000
2025-01-19 19:00:00,290.266118,189.671918,137.606973,0.000000,92.050912,1.050000,0.250000
2025-01-19 20:00:00,277.369362,188.191251,159.569243,0.000000,98.370209,1.050000,0.250000
2025-01-19 21:00:00,253.936932,200.186464,147.800735,0.000000,47.499946,1.050000,0.250000
2025-01-19 22:00:00,229.784847,215.489502,153.204552,0.000000,74.253431,0.650000,0.250000
2025-01-19 23:00:00,263.097463,245.093369,152.341051,0.000000,49.884236,0.350000,0.250000
2025-01-20 00:00:00,284.075945,267.964753,156.620857,0.000000,73.345973,0.350000,0.250000
2025-01-20 01:00:00,274.877733,283.961452,168.989373,0.000000,51.169454,0.350000,0.250000
2025-01-20 02:00:00,249.521832,298.111029,141.171347,0.000000,60.213881,0.350000,0.250000
2025-01-20 03:00:00,290.118585,297.020964,146.507081,0.000000,67.096759,0.350000,0.250000
2025-01-20 04:00:00,272.224007,311.365129,181.066628,0.000000,90.947126,0.350000,0.250000
2025-01-20 05:00:00,288.249739,324.723506,157.406568,0.000000,87.736966,0.350000,0.250000
2025-01-20 06:00:00,287.863325,302.929435,157.516213,0.000000,119.671208,0.350000,0.250000
2025-01-20 07:00:00,312.824338,309.450178,205.033322,78.561682,114.870675,0.650000,0.250000
2025-01-20 08:00:00,313.565013,276.485871,239.591360,141.528919,136.330980,0.650000,0.250000
2025-01-20 09:00:00,367.215063,293.165721,263.321411,203.950231,134.735155,0.650000,0.250000
2025-01-20 10:00:00,394.527191,276.874883,305.517260,254.097074,122.868267,0.650000,0.250000
2025-01-20 11:00:00,383.534285,239.518368,310.531480,293.727954,154.114945,0.650000,0.250000
2025-01-20 12:00:00,373.195592,212.099229,321.889839,300.787017,133.978234,0.650000,0.250000
2025-01-20 13:00:00,373.026934,213.851950,318.761696,285.950071,122.766972,0.650000,0.250000
2025-01-20 14:00:00,372.352790,197.757231,283.691629,259.418638,135.296941,0.650000,0.250000
2025-01-20 15:00:00,347.819091,176.722698,276.953358,197.132497,116.205591,0.650000,0.250000
2025-01-20 16:00:00,317.137662,176.680763,234.855431,143.930606,93.916358,0.650000,0.250000
2025-01-20 17:00:00,310.895293,180.190952,207.902039,77.264246,81.629314,1.050000,0.250000
2025-01-20 18:00:00,267.731218,172.779506,161.253006,0.000000,49.886797,1.050000,0.250000
2025-01-20 19:00:00,271.693918,185.201191,171.532562,0.000000,50.203790,1.050000,0.250000
2025-01-20 20:00:00,291.442132,213.524014,152.967277,0.000000,65.575020,1.050000,0.250000
2025-01-20 21:00:00,250.197299,201.152033,156.681274,0.000000,45.800096,1.050000,0.250000
2025-01-20 22:00:00,279.333738,240.683540,175.782219,0.000000,46.331297,0.650000,0.250000
2025-01-20 23:00:00,299.987159,236.146064,167.147790,0.000000,46.229668,0.350000,0.250000
2025-01-21 00:00:00,291.093265,290.847817,181.044593,0.000000,51.870215,0.350000,0.250000
2025-01-21 01:00:00,309.744577,297.821917,178.997819,0.000000,89.423710,0.350000,0.250000
2025-01-21 02:00:00,298.377237,316.492691,179.232006,0.000000,61.078954,0.350000,0.250000
2025-01-21 03:00:00,298.052536,335.660574,166.459605,0.000000,79.428256,0.350000,0.250000
2025-01-21 04:00:00,314.841752,333.519123,158.341203,0.000000,74.887043,0.350000,0.250000
2025-01-21 05:00:00,287.132475,339.514913,163.569237,0.000000,92.357826,0.350000,0.250000
2025-01-21 06:00:00,297.604393,348.935947,178.375859,0.000000,106.967685,0.350000,0.250000
2025-01-21 07:00:00,325.689491,333.953499,222.550104,76.452727,122.257574,0.650000,0.250000
2025-01-21 08:00:00,332.598640,321.851055,265.717612,130.120794,150.769467,0.650000,0.250000
2025-01-21 09:00:00,368.807026,307.334390,295.179919,183.893650,132.094796,0.650000,0.250000
2025-01-21 10:00:00,397.858197,295.420172,333.994087,234.116827,137.757602,0.650000,0.250000
2025-01-21 11:00:00,407.352679,276.960464,334.648854,264.041347,124.322764,0.650000,0.250000
2025-01-21 12:00:00,424.153581,269.924496,345.183886,300.620768,122.394268,0.650000,0.250000
2025-01-21 13:00:00,422.162184,239.705618,342.254299,270.060060,127.633246,0.650000,0.250000
2025-01-21 14:00:00,411.185639,228.073915,335.145801,244.109152,123.363113,0.650000,0.250000
2025-01-21 15:00:00,375.696362,204.732657,309.120659,203.548010,111.305424,0.650000,0.250000
2025-01-21 16:00:00,358.462955,197.827834,259.708281,147.645307,96.662881,0.650000,0.250000
2025-01-21 17:00:00,310.350605,198.402117,232.135101,68.540009,84.875156,1.050000,0.250000
2025-01-21 18:00:00,300.324925,188.116129,188.224670,0.000000,66.659846,1.050000,0.250000
2025-01-21 19:00:00,298.433475,218.203159,168.744411,0.000000,64.686538,1.050000,0.250000
2025-01-21 20:00:00,305.826671,221.882644,171.680534,0.000000,40.589367,1.050000,0.250000
2025-01-21 21:00:00,292.506374,222.305603,177.995800,0.000000,52.296232,1.050000,0.250000
2025-01-21 22:00:00,307.783228,249.675045,179.380140,0.000000,39.154637,0.650000,0.250000
2025-01-21 23:00:00,299.147792,286.603053,159.200470,0.000000,26.384013,0.350000,0.250000
2025-01-22 00:00:00,287.457887,300.885345,175.518682,0.000000,68.255012,0.350000,0.250000
2025-01-22 01:00:00,329.698301,327.189206,181.430638,0.000000,83.437879,0.350000,0.250000
2025-01-22 02:00:00,332.666830,339.360201,171.026686,0.000000,83.627337,0.350000,0.250000
2025-01-22 03:00:00,290.762823,345.574428,196.742921,0.000000,107.680957,0.350000,0.250000
2025-01-22 04:00:00,314.673204,348.480532,181.609158,0.000000,90.081555,0.350000,0.250000
2025-01-22 05:00:00,327.673882,362.516744,170.630136,0.000000,111.456480,0.350000,0.250000
2025-01-22 06:00:00,316.555930,352.748028,186.513791,0.000000,138.741749,0.350000,0.250000
2025-01-22 07:00:00,345.075222,346.813017,218.107353,78.895602,134.609042,0.650000,0.250000
2025-01-22 08:00:00,376.833879,317.426165,261.256864,150.972862,136.909356,0.650000,0.250000
2025-01-22 09:00:00,368.425539,323.574530,300.468995,210.849317,133.945972,0.650000,0.250000
2025-01-22 10:00:00,411.582594,307.204680,326.015662,256.919928,131.108681,0.650000,0.250000
2025-01-22 11:00:00,430.201011,268.351399,337.689447,278.492414,121.735403,0.650000,0.250000
2025-01-22 12:00:00,419.370881,245.369307,351.686139,283.377875,132.984339,0.650000,0.250000
2025-01-22 13:00:00,411.020175,255.987632,345.557275,286.336322,130.948291,0.650000,0.250000
2025-01-22 14:00:00,411.663635,223.288984,331.954540,254.404089,119.241291,0.650000,0.250000
2025-01-22 15:00:00,381.589378,215.837820,305.540512,214.176646,89.331779,0.650000,0.250000
2025-01-22 16:00:00,368.341785,218.052231,277.497880,131.470704,75.785705,0.650000,0.250000
2025-01-22 17:00:00,349.333776,201.777321,229.482574,72.067389,55.867217,1.050000,0.250000
2025-01-22 18:00:00,300.996186,220.507025,177.307615,0.000000,52.016560,1.050000,0.250000
2025-01-22 19:00:00,315.972689,235.318704,170.099893,0.000000,52.979026,1.050000,0.250000
2025-01-22 20:00:00,327.917308,221.090709,178.393336,0.000000,49.751291,1.050000,0.250000
2025-01-22 21:00:00,301.071792,241.289102,182.157509,0.000000,36.598992,1.050000,0.250000
2025-01-22 22:00:00,308.309633,248.793266,175.178499,0.000000,41.738751,0.650000,0.250000
2025-01-22 23:00:00,309.221709,278.839203,173.313039,0.000000,68.260594,0.350000,0.250000
2025-01-23 00:00:00,257.976390,251.500044,161.584405,0.000000,46.219026,0.350000,0.250000
2025-01-23 01:00:00,266.299743,273.043740,147.285400,0.000000,70.071756,0.350000,0.250000
2025-01-23 02:00:00,243.025326,276.851508,135.006355,0.000000,105.442107,0.350000,0.250000
2025-01-23 03:00:00,237.934641,275.109480,140.801911,0.000000,97.258256,0.350000,0.250000
2025-01-23 04:00:00,277.641432,299.029699,153.020353,0.000000,117.218757,0.350000,0.250000
2025-01-23 05:00:00,250.508008,300.315953,140.161815,0.000000,136.053515,0.350000,0.250000
2025-01-23 06:00:00,263.382171,289.985208,152.260648,0.000000,132.598242,0.350000,0.250000
2025-01-23 07:00:00,283.603481,284.940430,193.289522,63.483116,119.784180,0.650000,0.250000
2025-01-23 08:00:00,305.735642,276.262600,224.506725,111.402610,147.472429,0.650000,0.250000
2025-01-23 09:00:00,313.694408,264.586433,264.777649,159.637673,135.622422,0.650000,0.250000
2025-01-23 10:00:00,334.507355,245.610463,270.907870,200.823640,151.066211,0.650000,0.250000
2025-01-23 11:00:00,335.665591,223.546509,282.621828,240.167229,116.271729,0.650000,0.250000
2025-01-23 12:00:00,353.705483,214.008369,290.560955,245.872048,141.998923,0.650000,0.250000
2025-01-23 13:00:00,367.543606,195.802446,298.217897,214.645146,80.330445,0.650000,0.250000
2025-01-23 14:00:00,353.766028,199.365365,286.514748,193.915211,87.998691,0.650000,0.250000
2025-01-23 15:00:00,335.724009,183.593292,251.309111,168.420981,79.719645,0.650000,0.250000
2025-01-23 16:00:00,320.380589,164.831159,228.697329,114.173279,76.501779,0.650000,0.250000
2025-01-23 17:00:00,295.427435,166.792786,174.701587,63.341978,68.849723,1.050000,0.250000
2025-01-23 18:00:00,254.347749,168.859519,134.487366,0.000000,60.937421,1.050000,0.250000
2025-01-23 19:00:00,270.090548,188.203127,153.671836,0.000000,44.568169,1.050000,0.250000
2025-01-23 20:00:00,255.721024,211.162548,153.505465,0.000000,50.585961,1.050000,0.250000
2025-01-23 21:00:00,248.721369,214.662002,143.769616,0.000000,59.325069,1.050000,0.250000
2025-01-23 22:00:00,265.469018,217.986393,149.144586,0.000000,44.108475,0.650000,0.250000
2025-01-23 23:00:00,255.457995,244.740112,148.189876,0.000000,51.984624,0.350000,0.250000
2025-01-24 00:00:00,267.386998,265.837149,154.660522,0.000000,70.630409,0.350000,0.250000
2025-01-24 01:00:00,271.145842,284.468408,163.714913,0.000000,79.733683,0.350000,0.250000
2025-01-24 02:00:00,275.565637,303.705060,141.396171,0.000000,85.134337,0.350000,0.250000
2025-01-24 03:00:00,266.649239,297.098570,153.356625,0.000000,112.586485,0.350000,0.250000
2025-01-24 04:00:00,267.838144,294.674776,162.959649,0.000000,131.937897,0.350000,0.250000
2025-01-24 05:00:00,255.772397,310.935207,162.128523,0.000000,129.081222,0.350000,0.250000
2025-01-24 06:00:00,272.866011,321.111640,172.116660,0.000000,163.393786,0.350000,0.250000
2025-01-24 07:00:00,288.629940,307.859383,205.046976,72.240121,140.919214,0.650000,0.250000
2025-01-24 08:00:00,321.946022,294.330641,236.926416,147.437837,134.371457,0.650000,0.250000
2025-01-24 09:00:00,341.508137,285.478485,272.182124,206.297333,120.996103,0.650000,0.250000
2025-01-24 10:00:00,346.545620,256.812738,287.478221,243.561128,133.531614,0.650000,0.250000
2025-01-24 11:00:00,367.012500,256.323433,319.049011,245.643779,102.637299,0.650000,0.250000
2025-01-24 12:00:00,391.116163,227.909508,314.450705,281.266741,90.969373,0.650000,0.250000
2025-01-24 13:00:00,351.250390,218.105137,301.834047,259.106064,76.967117,0.650000,0.250000
2025-01-24 14:00:00,344.000184,203.937271,304.679300,251.166800,85.220052,0.650000,0.250000
2025-01-24 15:00:00,321.400057,184.318073,258.950030,186.086258,68.903763,0.650000,0.250000
2025-01-24 16:00:00,296.322496,172.800159,230.783487,129.981805,62.937097,0.650000,0.250000
2025-01-24 17:00:00,303.279611,188.358690,203.302062,75.889957,51.005836,1.050000,0.250000
2025-01-24 18:00:00,277.902814,187.469837,157.853945,0.000000,42.544027,1.050000,0.250000
2025-01-24 19:00:00,264.450510,193.111100,155.968571,0.000000,37.341274,1.050000,0.250000
2025-01-24 20:00:00,266.303126,194.558203,147.037502,0.000000,47.476750,1.050000,0.250000
2025-01-24 21:00:00,263.907611,219.510573,152.237101,0.000000,63.283524,1.050000,0.250000
2025-01-24 22:00:00,267.816047,225.126454,157.050132,0.000000,58.420642,0.650000,0.250000
2025-01-24 23:00:00,259.871805,249.227097,152.840774,0.000000,67.486563,0.350000,0.250000
2025-01-25 00:00:00,312.878030,288.524371,180.100695,0.000000,100.945829,0.350000,0.250000
2025-01-25 01:00:00,280.878922,293.922376,155.269441,0.000000,93.531897,0.350000,0.250000
2025-01-25 02:00:00,300.325520,312.454559,167.667619,0.000000,108.760327,0.350000,0.250000
2025-01-25 03:00:00,280.589459,323.687976,174.878540,0.000000,112.757172,0.350000,0.250000
2025-01-25 04:00:00,256.668459,309.309712,176.826077,0.000000,119.962448,0.350000,0.250000
2025-01-25 05:00:00,309.254780,335.856993,165.648651,0.000000,131.881448,0.350000,0.250000
2025-01-25 06:00:00,292.268810,336.245786,168.832800,0.000000,149.031241,0.350000,0.250000
2025-01-25 07:00:00,302.270747,322.769465,205.918914,56.947590,107.928628,0.650000,0.250000
2025-01-25 08:00:00,329.029527,310.298592,249.089988,102.257235,152.382465,0.650000,0.250000
2025-01-25 09:00:00,347.434394,291.908594,284.881526,139.941298,122.159726,0.650000,0.250000
2025-01-25 10:00:00,359.897561,287.196259,303.286698,187.030437,112.110308,0.650000,0.250000
2025-01-25 11:00:00,401.764115,258.093985,325.022495,218.266642,103.076344,0.650000,0.250000
2025-01-25 12:00:00,396.767004,234.849738,329.905766,225.782991,117.595969,0.650000,0.250000
2025-01-25 13:00:00,388.350703,237.274612,323.703467,213.808110,62.496774,0.650000,0.250000
2025-01-25 14:00:00,373.732082,212.676286,321.427645,177.198542,84.104644,0.650000,0.250000
2025-01-25 15:00:00,370.352219,213.329456,281.973704,147.082390,52.355440,0.650000,0.250000
2025-01-25 16:00:00,332.049396,183.914985,266.827789,105.219162,47.019408,0.650000,0.250000
2025-01-25 17:00:00,331.295131,196.806639,224.004484,58.018233,43.349017,1.050000,0.250000
2025-01-25 18:00:00,283.992600,177.805946,173.935679,0.000000,53.875574,1.050000,0.250000
2025-01-25 19:00:00,317.860120,197.484296,162.083837,0.000000,58.380306,1.050000,0.250000
2025-01-25 20:00:00,282.742300,205.944316,173.910575,0.000000,26.492118,1.050000,0.250000
2025-01-25 21:00:00,274.838155,236.922642,168.668487,0.000000,56.135279,1.050000,0.250000
2025-01-25 22:00:00,289.701697,247.009673,154.586954,0.000000,70.775469,0.650000,0.250000
2025-01-25 23:00:00,288.344842,263.095281,155.617002,0.000000,91.452146,0.350000,0.250000
2025-01-26 00:00:00,315.616653,295.181423,180.433872,0.000000,100.218515,0.350000,0.250000
2025-01-26 01:00:00,306.089608,315.657559,182.616663,0.000000,118.323639,0.350000,0.250000
2025-01-26 02:00:00,323.041381,341.937051,192.398337,0.000000,110.608936,0.350000,0.250000
2025-01-26 03:00:00,305.924843,345.905135,177.400458,0.000000,123.670842,0.350000,0.250000
2025-01-26 04:00:00,311.073101,348.482728,178.483545,0.000000,135.857519,0.350000,0.250000
2025-01-26 05:00:00,346.428965,357.727229,178.689335,0.000000,138.077904,0.350000,0.250000
2025-01-26 06:00:00,321.990304,370.471201,174.247297,0.000000,135.959669,0.350000,0.250000
2025-01-26 07:00:00,327.194583,352.676897,237.999649,52.994102,128.863937,0.650000,0.250000
2025-01-26 08:00:00,352.628587,324.754734,279.899028,102.415595,108.514169,0.650000,0.250000
2025-01-26 09:00:00,399.516593,315.416236,305.236588,147.786748,98.559200,0.650000,0.250000
2025-01-26 10:00:00,403.877335,303.092872,345.524277,189.279665,93.666116,0.650000,0.250000
2025-01-26 11:00:00,437.292092,276.554769,370.461635,211.220516,105.941746,0.650000,0.250000
2025-01-26 12:00:00,422.020586,279.901554,366.750287,221.117745,72.086281,0.650000,0.250000
2025-01-26 13:00:00,435.417743,254.481435,355.286235,208.121355,76.600236,0.650000,0.250000
2025-01-26 14:00:00,416.323299,220.482590,331.265206,173.705792,72.765984,0.650000,0.250000
2025-01-26 15:00:00,416.154858,225.380743,311.301487,147.229883,43.027847,0.650000,0.250000
2025-01-26 16:00:00,371.494066,205.205259,261.524850,110.059983,48.759497,0.650000,0.250000
2025-01-26 17:00:00,354.299586,213.661546,229.799814,59.404364,44.487803,1.050000,0.250000
2025-01-26 18:00:00,321.721953,205.989149,183.967508,0.000000,38.497161,1.050000,0.250000
2025-01-26 19:00:00,317.389242,214.155688,176.797807,0.000000,66.218156,1.050000,0.250000
2025-01-26 20:00:00,329.555478,235.130100,196.787428,0.000000,94.561344,1.050000,0.250000
2025-01-26 21:00:00,314.036903,248.101826,177.827637,0.000000,77.527379,1.050000,0.250000
2025-01-26 22:00:00,315.400260,278.009341,182.923055,0.000000,67.445171,0.650000,0.250000
2025-01-26 23:00:00,321.789245,281.755690,176.143943,0.000000,122.061161,0.350000,0.250000
2025-01-27 00:00:00,273.158902,267.875897,165.251942,0.000000,120.619375,0.350000,0.250000
2025-01-27 01:00:00,273.799235,286.774811,153.870130,0.000000,110.807297,0.350000,0.250000
2025-01-27 02:00:00,267.276893,306.100827,166.387499,0.000000,129.442900,0.350000,0.250000
2025-01-27 03:00:00,290.859252,293.883270,167.783305,0.000000,140.991977,0.350000,0.250000
2025-01-27 04:00:00,286.097839,306.606329,148.894287,0.000000,141.779007,0.350000,0.250000
2025-01-27 05:00:00,289.818656,305.786216,153.029810,0.000000,129.179001,0.350000,0.250000
2025-01-27 06:00:00,265.192949,303.126356,154.303923,0.000000,114.804011,0.350000,0.250000
2025-01-27 07:00:00,306.171946,316.442008,192.102814,49.891259,134.116886,0.650000,0.250000
2025-01-27 08:00:00,326.792903,292.997794,250.625874,94.810856,125.753940,0.650000,0.250000
2025-01-27 09:00:00,357.784114,281.308530,278.474482,128.793590,113.897451,0.650000,0.250000
2025-01-27 10:00:00,362.035512,268.618088,299.711439,161.394445,77.697850,0.650000,0.250000
2025-01-27 11:00:00,390.864284,255.103451,305.740004,184.440796,105.162260,0.650000,0.250000
2025-01-27 12:00:00,394.108695,245.873080,322.440182,188.565860,45.370555,0.650000,0.250000
2025-01-27 13:00:00,381.721544,213.958524,308.958795,175.383146,65.567218,0.650000,0.250000
2025-01-27 14:00:00,351.182568,201.567469,312.282530,152.609936,61.465991,0.650000,0.250000
2025-01-27 15:00:00,346.819760,199.138406,283.415578,129.127277,57.443253,0.650000,0.250000
2025-01-27 16:00:00,317.993001,197.152148,234.496363,91.587268,48.098954,0.650000,0.250000
2025-01-27 17:00:00,313.383059,188.711541,195.766572,49.610667,57.001522,1.050000,0.250000
2025-01-27 18:00:00,283.767574,197.437886,160.520742,0.000000,62.622413,1.050000,0.250000
2025-01-27 19:00:00,277.093112,197.508084,155.698930,0.000000,47.661417,1.050000,0.250000
2025-01-27 20:00:00,277.488402,206.018080,152.141147,0.000000,86.842926,1.050000,0.250000
2025-01-27 21:00:00,275.652013,221.855497,138.883122,0.000000,74.596636,1.050000,0.250000
2025-01-27 22:00:00,271.715588,243.108805,158.268656,0.000000,85.473686,0.650000,0.250000
2025-01-27 23:00:00,258.535769,242.316929,168.567353,0.000000,92.451073,0.350000,0.250000
2025-01-28 00:00:00,294.313601,267.216678,173.344884,0.000000,133.929003,0.350000,0.250000
2025-01-28 01:00:00,268.783829,296.221868,159.659706,0.000000,126.365420,0.350000,0.250000
2025-01-28 02:00:00,288.418486,297.384495,167.340403,0.000000,140.911131,0.350000,0.250000
2025-01-28 03:00:00,290.397021,311.372601,159.377716,0.000000,141.603045,0.350000,0.250000
2025-01-28 04:00:00,309.831946,325.986927,170.716694,0.000000,139.658164,0.350000,0.250000
2025-01-28 05:00:00,290.906078,326.358771,154.837047,0.000000,122.897112,0.350000,0.250000
2025-01-28 06:00:00,292.861724,317.078168,164.014562,0.000000,132.177614,0.350000,0.250000
2025-01-28 07:00:00,309.502137,306.500024,214.154866,57.753118,93.224918,0.650000,0.250000
2025-01-28 08:00:00,332.241501,302.666606,250.593800,125.522154,105.053729,0.650000,0.250000
2025-01-28 09:00:00,364.109513,288.148900,272.711861,169.241895,90.227894,0.650000,0.250000
2025-01-28 10:00:00,372.851166,256.589459,300.812046,195.128780,74.976703,0.650000,0.250000
2025-01-28 11:00:00,380.477091,258.448892,311.634910,234.883428,63.321963,0.650000,0.250000
2025-01-28 12:00:00,396.077713,250.916303,332.074576,232.966354,55.391788,0.650000,0.250000
2025-01-28 13:00:00,386.518589,222.874845,324.581004,215.948370,51.808174,0.650000,0.250000
2025-01-28 14:00:00,378.311191,214.352807,297.546167,208.604657,14.087526,0.650000,0.250000
2025-01-28 15:00:00,349.628999,193.034617,269.945998,164.214425,44.328655,0.650000,0.250000
2025-01-28 16:00:00,308.888782,192.342421,236.936569,110.939585,31.151123,0.650000,0.250000
2025-01-28 17:00:00,311.802868,186.097964,207.497483,64.234681,47.966887,1.050000,0.250000
2025-01-28 18:00:00,266.655088,178.800694,158.237679,0.000000,50.881219,1.050000,0.250000
2025-01-28 19:00:00,292.592899,194.996169,155.188673,0.000000,70.210318,1.050000,0.250000
2025-01-28 20:00:00,288.988973,222.774472,157.557500,0.000000,83.466630,1.050000,0.250000
2025-01-28 21:00:00,284.809280,217.449171,150.514717,0.000000,77.115571,1.050000,0.250000
2025-01-28 22:00:00,264.371076,231.050448,154.532041,0.000000,108.859959,0.650000,0.250000
2025-01-28 23:00:00,274.243804,252.463132,148.042834,0.000000,117.287783,0.350000,0.250000
2025-01-29 00:00:00,298.023140,259.844419,153.105195,0.000000,149.024598,0.350000,0.250000
2025-01-29 01:00:00,291.322065,287.626364,145.524748,0.000000,135.019577,0.350000,0.250000
2025-01-29 02:00:00,281.104129,292.824028,163.610479,0.000000,146.332990,0.350000,0.250000
2025-01-29 03:00:00,287.040109,322.026824,163.150170,0.000000,146.238408,0.350000,0.250000
2025-01-29 04:00:00,273.659591,341.334028,166.088278,0.000000,135.272295,0.350000,0.250000
2025-01-29 05:00:00,307.926519,327.416051,150.245770,0.000000,117.729046,0.350000,0.250000
2025-01-29 06:00:00,286.686742,308.584417,167.295834,0.000000,113.702036,0.350000,0.250000
2025-01-29 07:00:00,308.372830,327.599771,221.154119,59.377538,102.414590,0.650000,0.250000
2025-01-29 08:00:00,331.884009,310.518760,241.997968,122.918165,101.743114,0.650000,0.250000
2025-01-29 09:00:00,351.015899,287.647063,265.755102,156.716812,101.643546,0.650000,0.250000
2025-01-29 10:00:00,382.328591,283.664348,297.554208,191.628798,56.182081,0.650000,0.250000
2025-01-29 11:00:00,381.123438,260.999907,321.429973,216.193034,42.399846,0.650000,0.250000
2025-01-29 12:00:00,370.755800,241.606097,342.683592,219.835760,28.277034,0.650000,0.250000
2025-01-29 13:00:00,400.909536,229.186531,308.253008,226.402437,59.679607,0.650000,0.250000
2025-01-29 14:00:00,380.279088,197.500961,309.208963,206.208433,42.326134,0.650000,0.250000
2025-01-29 15:00:00,371.130969,197.591916,274.414088,157.226981,58.230360,0.650000,0.250000
2025-01-29 16:00:00,352.085801,197.820722,253.280325,122.910691,54.215201,0.650000,0.250000
2025-01-29 17:00:00,312.856126,186.670362,195.597091,59.980460,54.796021,1.050000,0.250000
2025-01-29 18:00:00,288.298307,202.352483,162.751840,0.000000,80.451788,1.050000,0.250000
2025-01-29 19:00:00,282.623520,202.202284,161.137994,0.000000,85.983263,1.050000,0.250000
2025-01-29 20:00:00,271.115076,209.265918,176.271115,0.000000,95.372580,1.050000,0.250000
2025-01-29 21:00:00,291.951427,213.402344,167.171881,0.000000,94.139368,1.050000,0.250000
2025-01-29 22:00:00,298.309557,240.528527,160.650395,0.000000,111.778893,0.650000,0.250000
2025-01-29 23:00:00,285.551823,260.076764,157.267276,0.000000,118.072587,0.350000,0.250000
2025-01-30 00:00:00,277.522449,249.607184,137.242135,0.000000,132.120695,0.350000,0.250000
2025-01-30 01:00:00,277.438210,259.519763,158.286837,0.000000,140.655005,0.350000,0.250000
2025-01-30 02:00:00,242.675326,280.952075,145.151385,0.000000,123.696622,0.350000,0.250000
2025-01-30 03:00:00,260.828564,285.811976,146.598574,0.000000,125.774378,0.350000,0.250000
2025-01-30 04:00:00,250.915255,301.839467,156.222464,0.000000,128.641137,0.350000,0.250000
2025-01-30 05:00:00,249.791825,281.564491,156.101316,0.000000,123.622271,0.350000,0.250000
2025-01-30 06:00:00,255.671304,287.303227,151.108851,0.000000,91.730739,0.350000,0.250000
2025-01-30 07:00:00,291.230077,283.902917,176.043840,51.311869,106.575348,0.650000,0.250000
2025-01-30 08:00:00,325.020247,279.190679,212.223514,97.884456,88.563474,0.650000,0.250000
2025-01-30 09:00:00,332.745086,267.293463,255.269136,140.794804,66.959896,0.650000,0.250000
2025-01-30 10:00:00,331.419352,231.345914,278.573239,185.147045,64.871105,0.650000,0.250000
2025-01-30 11:00:00,331.899464,236.145822,307.060829,183.683543,50.288873,0.650000,0.250000
2025-01-30 12:00:00,354.806276,231.700676,287.472500,195.365691,36.937449,0.650000,0.250000
2025-01-30 13:00:00,341.385932,200.560827,301.403054,196.958779,50.377706,0.650000,0.250000
2025-01-30 14:00:00,334.200625,208.461398,272.435669,172.670414,25.234021,0.650000,0.250000
2025-01-30 15:00:00,340.789689,186.721390,271.705475,152.538206,68.526907,0.650000,0.250000
2025-01-30 16:00:00,305.742736,179.424580,208.564044,94.517946,67.618396,0.650000,0.250000
2025-01-30 17:00:00,282.150449,176.090311,179.968316,48.565717,61.938665,1.050000,0.250000
2025-01-30 18:00:00,236.471237,179.869846,157.363590,0.000000,82.531579,1.050000,0.250000
2025-01-30 19:00:00,255.517486,181.601617,142.810223,0.000000,102.624899,1.050000,0.250000
2025-01-30 20:00:00,257.937525,204.696358,148.201321,0.000000,116.370148,1.050000,0.250000
2025-01-30 21:00:00,266.273574,206.772532,157.355646,0.000000,110.972960,1.050000,0.250000
2025-01-30 22:00:00,256.646574,205.116008,145.722120,0.000000,124.667862,0.650000,0.250000
2025-01-30 23:00:00,242.551236,218.538974,161.149049,0.000000,121.202221,0.350000,0.250000
2025-01-31 00:00:00,331.256945,296.250121,190.470528,0.000000,152.154384,0.350000,0.250000
2025-01-31 01:00:00,317.260137,323.810841,185.284060,0.000000,137.641876,0.350000,0.250000
2025-01-31 02:00:00,311.385595,347.413707,172.275820,0.000000,129.149774,0.350000,0.250000
2025-01-31 03:00:00,319.009092,340.245114,182.049287,0.000000,102.836375,0.350000,0.250000
2025-01-31 04:00:00,314.294431,342.162570,165.656230,0.000000,118.354600,0.350000,0.250000
2025-01-31 05:00:00,320.500180,357.989644,164.070604,0.000000,125.329114,0.350000,0.250000
2025-01-31 06:00:00,301.613298,355.853821,174.035815,0.000000,82.400950,0.350000,0.250000
2025-01-31 07:00:00,349.959624,344.775088,222.411122,69.570924,81.566433,0.650000,0.250000
2025-01-31 08:00:00,355.730714,335.510078,290.308853,129.442637,76.120175,0.650000,0.250000
2025-01-31 09:00:00,392.494897,301.474959,295.900836,186.654328,48.703122,0.650000,0.250000
2025-01-31 10:00:00,402.962953,298.069340,326.513626,232.754254,50.423168,0.650000,0.250000
2025-01-31 11:00:00,411.865159,274.589533,346.695723,235.902320,43.747830,0.650000,0.250000
2025-01-31 12:00:00,424.244012,266.416386,357.926315,256.740408,50.645404,0.650000,0.250000
2025-01-31 13:00:00,430.581886,242.873795,353.590113,231.495885,36.205141,0.650000,0.250000
2025-01-31 14:00:00,420.583748,232.504670,338.652384,222.918483,51.583296,0.650000,0.250000
2025-01-31 15:00:00,401.879128,224.835337,313.768951,167.580757,74.824108,0.650000,0.250000
2025-01-31 16:00:00,373.024868,215.127280,271.553677,124.101476,58.670976,0.650000,0.250000
2025-01-31 17:00:00,351.637341,230.345439,222.999079,66.237837,72.998680,1.050000,0.250000
2025-01-31 18:00:00,308.323564,222.423866,174.147548,0.000000,70.950086,1.050000,0.250000
2025-01-31 19:00:00,305.088462,203.687268,184.585754,0.000000,97.246712,1.050000,0.250000
2025-01-31 20:00:00,294.178708,236.145130,173.715916,0.000000,109.115651,1.050000,0.250000
2025-01-31 21:00:00,306.598015,242.626722,185.593530,0.000000,115.859109,1.050000,0.250000
2025-01-31 22:00:00,311.793824,251.465977,182.707569,0.000000,123.641686,0.650000,0.250000
2025-01-31 23:00:00,323.292426,282.942068,184.253881,0.000000,147.503616,0.350000,0.250000
2025-02-01 00:00:00,267.601313,250.404673,143.039014,0.000000,138.511008,0.350000,0.250000
2025-02-01 01:00:00,263.023834,267.484457,139.064152,0.000000,134.489946,0.350000,0.250000
2025-02-01 02:00:00,255.616760,256.005282,149.555587,0.000000,110.476727,0.350000,0.250000
2025-02-01 03:00:00,272.690940,295.152081,136.829471,0.000000,113.011470,0.350000,0.250000
2025-02-01 04:00:00,277.845487,282.557954,142.739650,0.000000,97.149387,0.350000,0.250000
2025-02-01 05:00:00,265.137184,276.712465,145.184860,0.000000,77.334795,0.350000,0.250000
2025-02-01 06:00:00,266.541180,286.101663,144.001876,0.000000,75.705270,0.350000,0.250000
2025-02-01 07:00:00,283.791092,288.416378,163.484702,70.705857,69.409155,0.650000,0.250000
2025-02-01 08:00:00,301.082757,274.318385,221.972405,147.398235,51.857956,0.650000,0.250000
2025-02-01 09:00:00,318.293394,267.950620,244.328496,210.624005,53.228963,0.650000,0.250000
2025-02-01 10:00:00,354.520045,241.998818,281.145288,257.368316,45.768287,0.650000,0.250000
2025-02-01 11:00:00,342.417755,226.359324,286.069128,273.652907,47.772120,0.650000,0.250000
2025-02-01 12:00:00,350.890941,204.580434,285.369523,274.698770,44.399429,0.650000,0.250000
2025-02-01 13:00:00,335.649119,210.671619,290.370181,285.519045,49.372292,0.650000,0.250000
2025-02-01 14:00:00,331.971757,185.535441,262.412929,244.050275,61.732592,0.650000,0.250000
2025-02-01 15:00:00,343.444971,178.118450,231.511143,203.518812,100.374050,0.650000,0.250000
2025-02-01 16:00:00,312.665509,164.995489,224.560935,133.992145,62.107453,0.650000,0.250000
2025-02-01 17:00:00,275.997302,170.186109,169.508631,68.241850,90.124027,1.050000,0.250000
2025-02-01 18:00:00,251.572685,174.641091,136.837375,0.000000,87.441748,1.050000,0.250000
2025-02-01 19:00:00,276.183575,163.704391,137.814288,0.000000,132.470799,1.050000,0.250000
2025-02-01 20:00:00,260.251280,191.394995,146.695017,0.000000,115.938145,1.050000,0.250000
2025-02-01 21:00:00,241.927847,188.993146,149.768713,0.000000,132.805791,1.050000,0.250000
2025-02-01 22:00:00,240.848891,215.953286,142.645261,0.000000,137.351289,0.650000,0.250000
2025-02-01 23:00:00,271.300158,222.946579,147.003869,0.000000,130.036737,0.350000,0.250000
2025-02-02 00:00:00,230.750510,222.482901,121.474326,0.000000,136.501070,0.350000,0.250000
2025-02-02 01:00:00,226.154562,236.582067,154.519500,0.000000,125.672357,0.350000,0.250000
2025-02-02 02:00:00,253.044350,264.622637,128.013797,0.000000,93.081273,0.350000,0.250000
2025-02-02 03:00:00,274.692359,255.614338,131.809589,0.000000,83.686931,0.350000,0.250000
2025-02-02 04:00:00,261.567671,293.442565,136.386318,0.000000,63.156894,0.350000,0.250000
2025-02-02 05:00:00,242.407240,273.472689,134.981942,0.000000,83.095221,0.350000,0.250000
2025-02-02 06:00:00,249.213544,271.533983,131.379336,0.000000,67.650165,0.350000,0.250000
2025-02-02 07:00:00,278.674610,274.693945,165.102655,57.858863,49.113706,0.650000,0.250000
2025-02-02 08:00:00,276.471457,265.364442,213.098944,124.803098,55.786699,0.650000,0.250000
2025-02-02 09:00:00,309.797173,257.124888,243.081064,165.420489,64.298774,0.650000,0.250000
2025-02-02 10:00:00,322.600029,231.356315,254.899828,196.450711,59.844607,0.650000,0.250000
2025-02-02 11:00:00,329.364104,229.513811,259.847565,234.389156,46.052199,0.650000,0.250000
2025-02-02 12:00:00,324.232806,223.380821,279.855081,224.260636,51.340402,0.650000,0.250000
2025-02-02 13:00:00,305.937388,184.494980,283.473605,227.228052,48.233693,0.650000,0.250000
2025-02-02 14:00:00,336.932166,189.500579,265.738338,216.368437,64.626347,0.650000,0.250000
2025-02-02 15:00:00,297.643579,161.769447,230.967913,156.545226,65.936491,0.650000,0.250000
2025-02-02 16:00:00,270.382180,165.793212,212.165231,120.281634,81.979940,0.650000,0.250000
2025-02-02 17:00:00,271.567527,164.599060,174.446051,59.699812,110.949607,1.050000,0.250000
2025-02-02 18:00:00,249.265478,161.992873,137.332070,0.000000,102.828987,1.050000,0.250000
2025-02-02 19:00:00,237.872454,160.735858,143.711703,0.000000,110.923056,1.050000,0.250000
2025-02-02 20:00:00,248.737842,170.505655,137.752934,0.000000,136.193891,1.050000,0.250000
2025-02-02 21:00:00,237.191086,198.667206,138.226545,0.000000,118.426999,1.050000,0.250000
2025-02-02 22:00:00,248.374999,211.471680,142.378881,0.000000,152.157449,0.650000,0.250000
2025-02-02 23:00:00,241.646211,216.506267,143.949885,0.000000,147.462122,0.350000,0.250000
2025-02-03 00:00:00,322.466320,313.218229,180.923572,0.000000,139.924441,0.350000,0.250000
2025-02-03 01:00:00,325.833481,314.460598,179.597421,0.000000,116.841755,0.350000,0.250000
2025-02-03 02:00:00,297.943677,319.795881,172.456809,0.000000,93.920969,0.350000,0.250000
2025-02-03 03:00:00,321.839403,342.376579,181.127086,0.000000,84.460294,0.350000,0.250000
2025-02-03 04:00:00,321.269968,355.774828,173.759338,0.000000,104.739317,0.350000,0.250000
2025-02-03 05:00:00,314.011701,347.955240,178.165830,0.000000,65.685979,0.350000,0.250000
2025-02-03 06:00:00,313.846619,339.467634,171.854885,0.000000,56.196979,0.350000,0.250000
2025-02-03 07:00:00,336.473913,342.311904,226.516542,48.483994,49.838316,0.650000,0.250000
2025-02-03 08:00:00,375.123342,327.802955,273.910659,92.814138,56.923142,0.650000,0.250000
2025-02-03 09:00:00,402.137661,321.738322,305.733805,141.325253,57.762107,0.650000,0.250000
2025-02-03 10:00:00,403.585478,294.408327,336.507376,157.364855,36.644060,0.650000,0.250000
2025-02-03 11:00:00,421.724293,279.804149,335.271397,168.228272,49.141043,0.650000,0.250000
2025-02-03 12:00:00,424.521816,273.004002,349.385472,194.052593,26.833845,0.650000,0.250000
2025-02-03 13:00:00,416.850444,240.918692,348.913821,184.783182,77.827410,0.650000,0.250000
2025-02-03 14:00:00,412.344654,226.011616,343.265442,153.535016,68.533903,0.650000,0.250000
2025-02-03 15:00:00,372.981151,213.853750,312.558293,124.885112,90.739324,0.650000,0.250000
2025-02-03 16:00:00,361.149837,200.617348,273.749533,97.269905,108.250998,0.650000,0.250000
2025-02-03 17:00:00,353.080724,211.101778,224.271130,45.811058,114.551260,1.050000,0.250000
2025-02-03 18:00:00,304.885390,224.900368,176.742494,0.000000,92.796434,1.050000,0.250000
2025-02-03 19:00:00,329.540526,229.134376,179.794599,0.000000,135.673325,1.050000,0.250000
2025-02-03 20:00:00,306.509473,233.353499,173.086885,0.000000,146.989980,1.050000,0.250000
2025-02-03 21:00:00,325.918768,238.432837,173.687318,0.000000,143.791675,1.050000,0.250000
2025-02-03 22:00:00,302.223058,264.530389,185.530703,0.000000,145.587427,0.650000,0.250000
2025-02-03 23:00:00,310.571154,278.845294,171.737959,0.000000,119.772898,0.350000,0.250000
2025-02-04 00:00:00,272.125993,266.485826,173.782629,0.000000,100.390196,0.350000,0.250000
2025-02-04 01:00:00,288.423329,286.132972,190.352022,0.000000,97.079359,0.350000,0.250000
2025-02-04 02:00:00,301.799725,286.264359,163.474212,0.000000,88.605609,0.350000,0.250000
2025-02-04 03:00:00,263.959777,308.330598,174.355796,0.000000,68.286870,0.350000,0.250000
2025-02-04 04:00:00,276.536476,313.624243,165.609234,0.000000,80.129076,0.350000,0.250000
2025-02-04 05:00:00,290.231536,309.701155,152.096191,0.000000,42.034542,0.350000,0.250000
2025-02-04 06:00:00,282.052585,320.535049,153.618899,0.000000,49.899404,0.350000,0.250000
2025-02-04 07:00:00,317.125034,319.990092,209.691023,56.276378,37.579001,0.650000,0.250000
2025-02-04 08:00:00,322.758397,296.905632,247.358962,103.050987,19.801176,0.650000,0.250000
2025-02-04 09:00:00,347.243871,296.937945,278.413540,144.612402,74.803192,0.650000,0.250000
2025-02-04 10:00:00,372.486684,274.433323,306.835201,192.564302,42.297973,0.650000,0.250000
2025-02-04 11:00:00,408.453935,262.275102,326.470262,188.527415,46.140386,0.650000,0.250000
2025-02-04 12:00:00,401.789534,230.395197,327.705597,207.391968,43.009694,0.650000,0.250000
2025-02-04 13:00:00,386.813330,214.724232,303.981424,208.687377,103.794112,0.650000,0.250000
2025-02-04 14:00:00,389.508708,205.447718,303.709765,182.635397,103.465536,0.650000,0.250000
2025-02-04 15:00:00,352.549567,197.274390,280.184739,154.685200,100.049940,0.650000,0.250000
2025-02-04 16:00:00,334.168258,201.435724,253.755642,109.215167,133.129309,0.650000,0.250000
2025-02-04 17:00:00,306.443881,201.128384,209.174720,55.123720,107.510022,1.050000,0.250000
2025-02-04 18:00:00,276.487247,193.747448,165.897524,0.000000,120.950647,1.050000,0.250000
2025-02-04 19:00:00,295.618412,206.300672,168.356834,0.000000,150.359768,1.050000,0.250000
2025-02-04 20:00:00,299.511289,212.302938,164.354433,0.000000,134.055170,1.050000,0.250000
2025-02-04 21:00:00,292.448811,221.446105,155.931451,0.000000,124.442227,1.050000,0.250000
2025-02-04 22:00:00,287.424977,236.924612,164.442402,0.000000,121.443292,0.650000,0.250000
2025-02-04 23:00:00,302.347312,252.107768,159.252235,0.000000,99.781683,0.350000,0.250000
2025-02-05 00:00:00,297.135798,311.961130,193.794727,0.000000,105.148610,0.350000,0.250000
2025-02-05 01:00:00,331.413906,317.089698,188.647839,0.000000,84.268772,0.350000,0.250000
2025-02-05 02:00:00,308.392823,338.853380,190.969387,0.000000,63.098153,0.350000,0.250000
2025-02-05 03:00:00,304.992379,351.000039,196.458566,0.000000,62.857241,0.350000,0.250000
2025-02-05 04:00:00,327.179069,353.301695,178.679353,0.000000,75.081581,0.350000,0.250000
2025-02-05 05:00:00,287.514366,364.115842,177.995675,0.000000,71.336639,0.350000,0.250000
2025-02-05 06:00:00,309.415288,349.777131,180.662481,0.000000,41.231068,0.350000,0.250000
2025-02-05 07:00:00,328.491603,340.917658,238.985185,58.330495,50.413047,0.650000,0.250000
2025-02-05 08:00:00,371.630817,330.836221,285.979008,100.392550,41.212899,0.650000,0.250000
2025-02-05 09:00:00,411.441873,315.045129,305.433103,150.377584,51.032098,0.650000,0.250000
2025-02-05 10:00:00,419.451257,319.753889,341.757317,194.772451,62.095782,0.650000,0.250000
2025-02-05 11:00:00,428.135774,284.262655,359.187379,193.389735,66.868655,0.650000,0.250000
2025-02-05 12:00:00,438.907413,260.472926,355.829779,207.757002,69.762854,0.650000,0.250000
2025-02-05 13:00:00,428.882929,235.040815,358.151548,200.949277,84.690325,0.650000,0.250000
2025-02-05 14:00:00,428.876697,235.493983,343.614607,184.070116,123.689599,0.650000,0.250000
2025-02-05 15:00:00,383.985589,232.215352,318.363272,148.509105,102.240183,0.650000,0.250000
2025-02-05 16:00:00,376.586950,208.845053,272.790769,115.278838,97.356479,0.650000,0.250000
2025-02-05 17:00:00,360.839320,209.448283,224.856111,56.588343,133.272658,1.050000,0.250000
2025-02-05 18:00:00,307.259785,194.571020,184.962673,0.000000,131.071080,1.050000,0.250000
2025-02-05 19:00:00,304.210026,220.698350,169.989376,0.000000,125.991625,1.050000,0.250000
2025-02-05 20:00:00,328.112130,228.817019,178.122704,0.000000,137.696212,1.050000,0.250000
2025-02-05 21:00:00,322.052795,244.048491,176.934661,0.000000,140.596030,1.050000,0.250000
2025-02-05 22:00:00,323.364577,263.376244,180.607821,0.000000,103.163284,0.650000,0.250000
2025-02-05 23:00:00,310.906285,274.824632,195.877709,0.000000,86.067688,0.350000,0.250000
2025-02-06 00:00:00,270.903189,252.961951,173.599510,0.000000,95.697796,0.350000,0.250000
2025-02-06 01:00:00,268.268293,284.820062,154.997951,0.000000,85.685166,0.350000,0.250000
2025-02-06 02:00:00,257.024501,305.115243,159.500526,0.000000,54.594963,0.350000,0.250000
2025-02-06 03:00:00,265.494491,293.247081,160.043794,0.000000,52.607253,0.350000,0.250000
2025-02-06 04:00:00,264.403642,298.823552,157.653541,0.000000,42.801573,0.350000,0.250000
2025-02-06 05:00:00,295.137546,310.485426,168.201756,0.000000,49.470653,0.350000,0.250000
2025-02-06 06:00:00,275.906760,295.375343,169.468119,0.000000,53.957019,0.350000,0.250000
2025-02-06 07:00:00,293.113207,301.223528,192.010721,62.801091,50.270250,0.650000,0.250000
2025-02-06 08:00:00,330.365056,303.204493,246.312849,130.755621,33.968129,0.650000,0.250000
2025-02-06 09:00:00,338.069419,271.010764,275.613837,190.914631,41.494046,0.650000,0.250000
2025-02-06 10:00:00,359.849965,251.604110,294.484039,210.318901,73.845930,0.650000,0.250000
2025-02-06 11:00:00,376.518200,262.203295,317.480681,232.252839,88.169984,0.650000,0.250000
2025-02-06 12:00:00,358.576388,222.622625,318.747965,278.344513,89.554071,0.650000,0.250000
2025-02-06 13:00:00,359.739489,215.648002,302.075804,257.430304,101.878786,0.650000,0.250000
2025-02-06 14:00:00,378.919287,201.594271,288.760148,233.792044,96.369163,0.650000,0.250000
2025-02-06 15:00:00,351.291216,196.055934,289.547135,176.026774,118.606270,0.650000,0.250000
2025-02-06 16:00:00,319.051311,186.620002,240.115643,134.686327,142.007054,0.650000,0.250000
2025-02-06 17:00:00,294.733798,190.624776,203.253523,70.970902,129.687422,1.050000,0.250000
2025-02-06 18:00:00,305.692485,178.387023,160.424878,0.000000,156.427449,1.050000,0.250000
2025-02-06 19:00:00,287.214388,185.910333,162.142173,0.000000,127.267165,1.050000,0.250000
2025-02-06 20:00:00,285.670443,204.654838,159.767002,0.000000,134.143797,1.050000,0.250000
2025-02-06 21:00:00,279.325124,215.310292,152.913285,0.000000,109.214766,1.050000,0.250000
2025-02-06 22:00:00,281.704107,227.760479,172.117791,0.000000,103.676841,0.650000,0.250000
2025-02-06 23:00:00,264.934655,249.527428,147.057007,0.000000,75.818467,0.350000,0.250000
2025-02-07 00:00:00,274.886015,287.651139,156.820205,0.000000,69.940653,0.350000,0.250000
2025-02-07 01:00:00,311.961552,301.352874,159.217157,0.000000,74.766302,0.350000,0.250000
2025-02-07 02:00:00,289.594158,308.076318,177.459451,0.000000,59.275720,0.350000,0.250000
2025-02-07 03:00:00,304.198229,326.703810,166.004639,0.000000,30.163071,0.350000,0.250000
2025-02-07 04:00:00,280.067756,329.566790,166.178483,0.000000,59.004381,0.350000,0.250000
2025-02-07 05:00:00,278.494818,327.446090,168.791228,0.000000,62.177725,0.350000,0.250000
2025-02-07 06:00:00,303.645737,329.340982,181.635395,0.000000,46.440622,0.350000,0.250000
2025-02-07 07:00:00,324.198520,312.914430,212.982905,74.539894,59.315545,0.650000,0.250000
2025-02-07 08:00:00,357.712194,311.609726,236.099928,140.903984,64.956715,0.650000,0.250000
2025-02-07 09:00:00,366.925774,273.804449,295.510095,200.365092,57.671104,0.650000,0.250000
2025-02-07 10:00:00,395.225953,273.545944,306.643987,246.620882,99.725604,0.650000,0.250000
2025-02-07 11:00:00,413.214217,264.255099,332.562186,270.872694,74.916196,0.650000,0.250000
2025-02-07 12:00:00,405.023439,237.915962,337.110905,258.620427,107.661357,0.650000,0.250000
2025-02-07 13:00:00,395.148412,202.814102,330.294234,241.707131,117.851140,0.650000,0.250000
2025-02-07 14:00:00,382.055454,226.461049,314.642589,230.099062,134.353708,0.650000,0.250000
2025-02-07 15:00:00,371.022506,195.339802,266.060753,195.850404,138.102489,0.650000,0.250000
2025-02-07 16:00:00,340.781021,202.144325,252.112136,133.370891,129.924062,0.650000,0.250000
2025-02-07 17:00:00,325.413854,197.466362,222.590004,67.586672,129.499101,1.050000,0.250000
2025-02-07 18:00:00,302.924889,208.102070,169.202113,0.000000,142.552083,1.050000,0.250000
2025-02-07 19:00:00,303.167128,199.646650,169.923999,0.000000,151.656651,1.050000,0.250000
2025-02-07 20:00:00,301.653955,213.676867,166.848939,0.000000,120.431731,1.050000,0.250000
2025-02-07 21:00:00,295.018382,218.935334,177.657998,0.000000,107.314659,1.050000,0.250000
2025-02-07 22:00:00,293.913815,259.716445,163.900077,0.000000,95.037054,0.650000,0.250000
2025-02-07 23:00:00,312.649462,238.878631,159.259636,0.000000,97.090585,0.350000,0.250000
2025-02-08 00:00:00,242.970390,237.533876,153.093693,0.000000,61.022540,0.350000,0.250000
2025-02-08 01:00:00,251.605948,238.737065,130.110977,0.000000,39.398654,0.350000,0.250000
2025-02-08 02:00:00,231.403593,246.543469,140.883569,0.000000,13.304861,0.350000,0.250000
2025-02-08 03:00:00,229.633994,261.124668,133.534081,0.000000,39.170827,0.350000,0.250000
2025-02-08 04:00:00,252.732017,270.363680,138.039239,0.000000,44.294608,0.350000,0.250000
2025-02-08 05:00:00,232.979782,273.791247,136.487680,0.000000,58.436070,0.350000,0.250000
2025-02-08 06:00:00,247.283021,266.931039,139.541622,0.000000,40.617766,0.350000,0.250000
2025-02-08 07:00:00,265.391126,259.931451,166.632985,46.683422,53.876907,0.650000,0.250000
2025-02-08 08:00:00,292.207607,250.408512,227.732185,102.558040,83.151962,0.650000,0.250000
2025-02-08 09:00:00,312.858722,259.146006,229.929455,141.543052,77.125158,0.650000,0.250000
2025-02-08 10:00:00,311.706543,235.230623,259.428397,161.144992,105.850920,0.650000,0.250000
2025-02-08 11:00:00,330.284734,222.606424,264.523747,185.605915,121.016224,0.650000,0.250000
2025-02-08 12:00:00,329.857802,196.679534,271.784198,179.307545,103.992492,0.650000,0.250000
2025-02-08 13:00:00,310.302269,176.103792,270.480214,188.914267,135.105717,0.650000,0.250000
2025-02-08 14:00:00,320.576970,178.586996,252.271298,167.141581,133.303156,0.650000,0.250000
2025-02-08 15:00:00,311.910155,166.779561,244.858461,136.321596,142.980828,0.650000,0.250000
2025-02-08 16:00:00,279.525733,147.413994,209.713388,98.830192,141.904168,0.650000,0.250000
2025-02-08 17:00:00,269.611411,157.210494,167.738485,49.232296,138.584031,1.050000,0.250000
2025-02-08 18:00:00,235.430146,170.790094,131.314753,0.000000,148.608246,1.050000,0.250000
2025-02-08 19:00:00,252.583918,164.666622,140.676723,0.000000,88.872439,1.050000,0.250000
2025-02-08 20:00:00,231.283248,176.057681,135.524785,0.000000,126.053788,1.050000,0.250000
2025-02-08 21:00:00,238.302506,179.645917,140.976490,0.000000,99.774095,1.050000,0.250000
2025-02-08 22:00:00,238.659651,219.600069,120.452043,0.000000,89.955732,0.650000,0.250000
2025-02-08 23:00:00,232.787225,223.413727,144.883739,0.000000,75.105058,0.350000,0.250000
2025-02-09 00:00:00,260.471179,247.605665,151.397683,0.000000,43.417073,0.350000,0.250000
2025-02-09 01:00:00,248.803688,249.757544,156.309268,0.000000,57.092067,0.350000,0.250000
2025-02-09 02:00:00,244.257676,290.593516,144.507281,0.000000,56.785954,0.350000,0.250000
2025-02-09 03:00:00,249.567898,281.587289,150.811463,0.000000,48.613497,0.350000,0.250000
2025-02-09 04:00:00,280.687989,301.665711,152.322169,0.000000,59.250381,0.350000,0.250000
2025-02-09 05:00:00,243.434331,306.895113,150.978131,0.000000,73.092213,0.350000,0.250000
2025-02-09 06:00:00,257.325582,297.251909,147.481898,0.000000,47.979905,0.350000,0.250000
2025-02-09 07:00:00,269.903551,285.386321,188.292508,65.457954,82.227494,0.650000,0.250000
2025-02-09 08:00:00,297.889819,278.819256,224.610893,124.924193,62.524781,0.650000,0.250000
2025-02-09 09:00:00,327.571000,279.595288,259.638507,163.677505,52.674143,0.650000,0.250000
2025-02-09 10:00:00,351.061561,248.339950,287.873436,203.922108,105.849407,0.650000,0.250000
2025-02-09 11:00:00,361.745833,229.823554,290.257558,229.808195,117.404302,0.650000,0.250000
2025-02-09 12:00:00,361.285077,217.582197,306.548148,236.115868,105.879063,0.650000,0.250000
2025-02-09 13:00:00,375.315456,198.223769,289.118706,243.045156,129.777316,0.650000,0.250000
2025-02-09 14:00:00,337.624714,190.353124,278.425210,198.432436,105.176813,0.650000,0.250000
2025-02-09 15:00:00,349.998583,179.670337,259.649329,180.570751,129.347997,0.650000,0.250000
2025-02-09 16:00:00,300.024517,186.543991,219.380624,126.609136,125.661617,0.650000,0.250000
2025-02-09 17:00:00,280.143912,170.754014,198.310744,60.017084,113.183181,1.050000,0.250000
2025-02-09 18:00:00,238.043993,166.086184,142.885288,0.000000,113.010032,1.050000,0.250000
2025-02-09 19:00:00,237.235081,172.704733,158.981452,0.000000,114.749612,1.050000,0.250000
2025-02-09 20:00:00,249.378312,178.203916,140.264840,0.000000,112.064978,1.050000,0.250000
2025-02-09 21:00:00,272.240064,208.105738,143.477634,0.000000,86.143890,1.050000,0.250000
2025-02-09 22:00:00,258.997378,233.993892,135.282087,0.000000,92.894130,0.650000,0.250000
2025-02-09 23:00:00,243.820957,228.253284,145.145781,0.000000,48.348514,0.350000,0.250000
2025-02-10 00:00:00,270.202686,244.710580,151.607619,0.000000,47.037697,0.350000,0.250000
2025-02-10 01:00:00,289.943798,267.225801,141.415320,0.000000,30.311787,0.350000,0.250000
2025-02-10 02:00:00,249.714058,270.828852,147.361057,0.000000,51.940778,0.350000,0.250000
2025-02-10 03:00:00,270.378126,280.109652,146.585018,0.000000,38.993498,0.350000,0.250000
2025-02-10 04:00:00,260.761785,298.556756,148.125351,0.000000,70.141598,0.350000,0.250000
2025-02-10 05:00:00,262.039877,306.549658,155.390493,0.000000,44.954550,0.350000,0.250000
2025-02-10 06:00:00,254.099032,288.187208,150.193215,0.000000,82.561901,0.350000,0.250000
2025-02-10 07:00:00,292.212667,285.335612,173.317417,53.863128,78.662385,0.650000,0.250000
2025-02-10 08:00:00,313.458432,296.007760,236.298072,95.630107,78.455074,0.650000,0.250000
2025-02-10 09:00:00,324.642118,265.701481,251.425673,129.344054,105.929763,0.650000,0.250000
2025-02-10 10:00:00,332.727917,261.248103,282.430701,162.177599,111.883886,0.650000,0.250000
2025-02-10 11:00:00,358.584917,243.587859,293.988932,184.571553,124.065509,0.650000,0.250000
2025-02-10 12:00:00,342.643735,208.616136,310.811545,206.644540,132.846054,0.650000,0.250000
2025-02-10 13:00:00,373.158920,213.603681,302.157773,191.652906,154.243807,0.650000,0.250000
2025-02-10 14:00:00,352.223228,189.366492,276.266058,171.597326,114.947291,0.650000,0.250000
2025-02-10 15:00:00,339.194135,175.081425,260.593794,134.812387,130.293638,0.650000,0.250000
2025-02-10 16:00:00,302.180368,175.295318,241.488336,96.165309,133.224891,0.650000,0.250000
2025-02-10 17:00:00,288.211035,181.249694,199.015110,50.524729,120.890539,1.050000,0.250000
2025-02-10 18:00:00,242.238684,185.569970,167.435727,0.000000,86.999879,1.050000,0.250000
2025-02-10 19:00:00,271.408869,175.477278,145.608737,0.000000,104.701507,1.050000,0.250000
2025-02-10 20:00:00,258.244877,187.256358,151.922221,0.000000,76.689154,1.050000,0.250000
2025-02-10 21:00:00,260.111424,207.867543,149.490705,0.000000,90.221918,1.050000,0.250000
2025-02-10 22:00:00,231.236445,216.366549,145.953945,0.000000,74.239942,0.650000,0.250000
2025-02-10 23:00:00,277.623360,230.106281,155.608192,0.000000,37.641722,0.350000,0.250000
2025-02-11 00:00:00,312.373349,295.995712,177.827598,0.000000,56.460370,0.350000,0.250000
2025-02-11 01:00:00,288.614972,309.556853,171.111507,0.000000,50.144973,0.350000,0.250000
2025-02-11 02:00:00,320.269125,322.113811,181.867953,0.000000,35.820551,0.350000,0.250000
2025-02-11 03:00:00,304.243957,333.802280,170.049225,0.000000,53.844611,0.350000,0.250000
2025-02-11 04:00:00,288.251586,330.113519,179.019980,0.000000,61.804689,0.350000,0.250000
2025-02-11 05:00:00,316.710561,335.589182,164.330206,0.000000,67.492467,0.350000,0.250000
2025-02-11 06:00:00,311.558231,339.971802,168.150980,0.000000,64.066275,0.350000,0.250000
2025-02-11 07:00:00,346.349359,329.984158,229.825229,59.192920,77.479798,0.650000,0.250000
2025-02-11 08:00:00,357.105795,303.866523,262.467607,113.369835,111.543770,0.650000,0.250000
2025-02-11 09:00:00,362.318638,319.378415,306.371162,154.861909,111.867343,0.650000,0.250000
2025-02-11 10:00:00,414.564613,281.106080,333.420434,197.143347,102.002983,0.650000,0.250000
2025-02-11 11:00:00,399.873641,274.454412,338.666423,231.995257,107.272293,0.650000,0.250000
2025-02-11 12:00:00,391.578276,266.923392,358.475409,242.620611,133.430666,0.650000,0.250000
2025-02-11 13:00:00,425.597412,242.090446,346.446601,211.047430,126.231450,0.650000,0.250000
2025-02-11 14:00:00,402.771992,223.817679,325.533958,208.284215,134.341081,0.650000,0.250000
2025-02-11 15:00:00,385.367187,204.234737,306.220735,175.383436,126.352342,0.650000,0.250000
2025-02-11 16:00:00,358.678049,208.359427,246.480924,119.359343,113.695921,0.650000,0.250000
2025-02-11 17:00:00,350.387972,199.238201,220.686204,65.205003,109.171941,1.050000,0.250000
2025-02-11 18:00:00,322.205581,205.806959,178.945855,0.000000,111.821077,1.050000,0.250000
2025-02-11 19:00:00,299.113003,204.749770,170.513894,0.000000,87.350175,1.050000,0.250000
2025-02-11 20:00:00,315.862681,234.398322,167.815797,0.000000,61.118270,1.050000,0.250000
2025-02-11 21:00:00,331.703858,241.174197,179.460923,0.000000,67.485960,1.050000,0.250000
2025-02-11 22:00:00,313.450358,253.922231,184.228149,0.000000,46.815441,0.650000,0.250000
2025-02-11 23:00:00,295.074335,267.388114,188.472097,0.000000,49.402523,0.350000,0.250000
